-- phpMyAdmin SQL Dump
-- version 5.2.0
-- https://www.phpmyadmin.net/
--
-- Хост: 127.0.0.1
-- Время создания: Май 05 2023 г., 03:07
-- Версия сервера: 10.4.27-MariaDB
-- Версия PHP: 8.2.0

SET SQL_MODE = "NO_AUTO_VALUE_ON_ZERO";
START TRANSACTION;
SET time_zone = "+00:00";


/*!40101 SET @OLD_CHARACTER_SET_CLIENT=@@CHARACTER_SET_CLIENT */;
/*!40101 SET @OLD_CHARACTER_SET_RESULTS=@@CHARACTER_SET_RESULTS */;
/*!40101 SET @OLD_COLLATION_CONNECTION=@@COLLATION_CONNECTION */;
/*!40101 SET NAMES utf8mb4 */;

--
-- База данных: `diploma`
--

-- --------------------------------------------------------

--
-- Структура таблицы `authors`
--

CREATE TABLE `authors` (
  `id` int(11) NOT NULL,
  `fname` varchar(255) NOT NULL,
  `lname` varchar(255) NOT NULL,
  `shortinfo` text NOT NULL,
  `biography` text NOT NULL,
  `avatar` varchar(255) NOT NULL,
  `user_id` int(11) NOT NULL
) ENGINE=InnoDB DEFAULT CHARSET=utf8mb4 COLLATE=utf8mb4_general_ci;

--
-- Дамп данных таблицы `authors`
--

INSERT INTO `authors` (`id`, `fname`, `lname`, `shortinfo`, `biography`, `avatar`, `user_id`) VALUES
(1, 'Чендлер', 'Бинг', 'Чендлер родился 8 апреля 1968 года в семье писательницы эротических романов Норы Тайлер Бинг и гомосексуала-трансвестита, звезды Лас-Вегаса Чарльза «Хэлены Хэндбаскет» Бинга. Он имеет шотландскую и шведскую родословную. Родители Чендлера получили свои имена в честь одного из персонажей в фильме «Тонкий человек» 1934 года (а именно — Норы Чарльз). Чендлер - единственный из главных героев, у которого нет братьев и сестёр.', 'Чендлер родился 8 апреля 1968 года в семье писательницы эротических романов Норы Тайлер Бинг и гомосексуала-трансвестита, звезды Лас-Вегаса Чарльза «Хэлены Хэндбаскет» Бинга. Он имеет шотландскую и шведскую родословную. Родители Чендлера получили свои имена в честь одного из персонажей в фильме «Тонкий человек» 1934 года (а именно — Норы Чарльз). Чендлер - единственный из главных героев, у которого нет братьев и сестёр.\r\n\r\nКогда Чендлеру было девять лет в 1978 году, родители сказали ему, что решили разойтись. Поскольку это произошло на День благодарения, этот праздник для Чендлера стал малоприятным событием. В тот же год Чендлер выкурил свою первую сигарету.\r\n\r\nВ колледже Чендлер жил в одной комнате с Россом Геллером, который стал его лучшим другом. Тогда же Чендлер познакомился с сестрой Росса, Моникой, которая впоследствии стала его женой. После окончания колледжа он снял квартиру напротив квартиры бабушки Моники и Росса, в которой, на тот момент, уже проживала Моника и Фиби. Чуть позже соседом Чендлера по квартире стал Джоуи Триббиани.\r\n\r\nУ Чендлера был третий сосок. Однако после того, как из-за этого от него ушла девушка (у которой ко всему прочему был протез ноги), он удалил его, в чём впоследствии раскаялся. Ещё один дефект тела: отсутствие кончика мизинца на правой ноге, его случайно отрезала Моника на День благодарения в 1998 году (8 серии 5 сезона).\r\n\r\nВ шестом сезоне Чендлер переезжает в квартиру Моники, а в седьмом происходит их свадьба. До начала отношений с Моникой он продолжительное время встречался с девушкой по имени Дженис.\r\n\r\nНа протяжении большинства эпизодов сериала Чендлер был офисным работником и специализировался на статистическом анализе и реконфигурации данных. После того, как заснул на одном из собраний, случайно согласился уехать работать в Талсу в качестве регионального президента. Позже уволился по собственному желанию, со временем устроился в рекламную компанию копирайтером.\r\n\r\nЧендлер, как и Росс и Рэйчел, целовал всех пятерых героев сериала. Он целовал Монику, когда они встречались. Он целовал всех девушек, когда скрывал отношения с Моникой (5 сезон, 2 серия). Также его поцеловал Джоуи в канун Нового Года в первом сезоне. В эпизоде «Эпизод, где Чендлер не помнит какая сестра» Чендлер был пьян и поцеловал Росса, но это осталось за кадром.\r\n\r\nФрэнк Буффе Младший по предложению Фиби назвал одного из своих детей Чендлером даже несмотря на то, что родилась девочка.\r\n\r\nЧендлер и Моника впервые познакомились ещё в колледже. Чендлер намекал Монике на возможность более близких отношений ещё в третьем сезоне сериала, однако тогда всё ограничилось шутками. Настоящий же роман начался между ними на свадьбе Росса в Лондоне. Там подвыпившие Чендлер и Моника провели вместе ночь. После этого по возвращении в Нью-Йорк они долгое время скрывали свои отношения, но в конечном итоге их тайна открылась.\r\n\r\nВ шестом сезоне Чендлер переехал в квартиру Моники, а в конце седьмого состоялась свадьба (священником выступил Джоуи, получивший сан через Интернет).\r\n\r\nПоскольку, как выяснилось, Чендлер и Моника не могли иметь детей, они решили усыновить ребёнка. В последнем эпизоде сериала на свет появились близнецы Джек (в честь отца Моники) и Эрика (названная так в честь женщины, которая их родила).\r\n\r\n', '/images/authors/chandler-bing.jpg', 3),
(2, 'Рэйчел', 'Грин', 'Первое появление Рэйчел состоялось в пилотном эпизоде «Друзей», где она была представлена как сбежавшая невеста, которая бросила своего жениха Барри Фарбера (Митчелл Уитфилд  (англ.)рус.) у алтаря. Она находит свою лучшую подругу детства Монику Геллер (Кортни Кокс), единственную знакомую из Нью-Йорка, которая соглашается позволить Рэйчел жить с ней, пока та пытается переосмыслить свою жизнь.', 'Первое появление Рэйчел состоялось в пилотном эпизоде «Друзей», где она была представлена как сбежавшая невеста, которая бросила своего жениха Барри Фарбера (Митчелл Уитфилд  (англ.)рус.) у алтаря. Она находит свою лучшую подругу детства Монику Геллер (Кортни Кокс), единственную знакомую из Нью-Йорка, которая соглашается позволить Рэйчел жить с ней, пока та пытается переосмыслить свою жизнь. Рэйчел знакомится с друзьями Моники: Фиби Буффе (Лиза Кудроу), Джоуи Триббиани (Мэтт Леблан) и Чендлером Бингом (Мэттью Перри), а также вновь встречает её старшего брата Росса Геллера (Дэвидом Швиммером), который был безответно влюблён в неё в школе. Рэйчел, которая всю свою жизнь полагалась на деньги своих родителей и мечтала выйти замуж по расчёту, пытается реализовать себя в качестве молодой независимой женщины, устраиваясь на работу официанткой в кафе «Central Perk», где регулярно встречается вместе со своими новыми друзьями[5]. Несмотря на то, что она плохо выполняет свои обязанности, Рэйчел сохраняет работу, поскольку в неё влюблён менеджер заведения, Гантер (Джеймс Майкл Тайлер).\r\n\r\nК концу первого сезона Рэйчел узнаёт о чувствах Росса и понимает, что тоже любит его. Тем не менее, когда она наконец решает признаться ему, Рэйчел обнаруживает, что тот начал отношения с женщиной по имени Джули (Лорен Том)[6]. В конечном итоге Росс бросает Джули и делает выбор в пользу Рэйчел,[7] и их отношения прогрессируют до конца второго сезона,[8] однако в третьем сезоне молодые люди начинают всё чаще ссориться,[9] когда Рэйчел увольняется из кафе и устраивается на работу в сфере моды. Росс ревнует её из-за завязавшегося общения с коллегой по работе, Марком (Стивен Экхольдт),[10] в результате чего Рэйчел решает сделать «перерыв» в их отношениях. Росс приходит к выводу, что они расстались и прелюбодействует с другой женщиной. На следующий день Рэйчел возвращается к Россу, но, узнав о его измене, расстаётся с ним[11].\r\n\r\nВ следующих эпизодах после расставания Рэйчел и Росс изначально не разговаривают друг с другом, но при этом сохраняют обоюдные чувства. Во время пляжного отдыха со своими друзьями они ненадолго мирятся, когда Росс заканчивает свои отношения с Бонни (Кристин Тейлор),[12] однако затем вновь расстаются из-за разногласий. В течение четвёртого сезона Рэйчел встречается со своим клиентом Джошуа (Тейт Донован), а у Росса завязываются отношения с племянницей босса Рэйчел, Эмили (Хелен Баксендейл), которой впоследствии делает предложение. В ответ, Рэйчел также делает предложение Джошуа, что отпугивает его. Затем, Рэйчел становится косвенной причиной расставания Росса и Эмили, когда во время обмена свадебными клятвами Росс называет свою невесту «Рэйчел»[13]. В конце концов, Росс разводится с Эмили, выбирая между ней и дружбой с Рэйчел[14].\r\n\r\nВ конце пятого сезона Росс и Рэйчел заключают брак, находясь под воздействием алкоголя, во время отдыха в Лас-Вегасе[15]. В начале шестого сезона ходатайство об аннулировании брака было отклонено, из-за чего им приходится развестись. В седьмом сезоне Рэйчел и Росс проводят ночь, которая приводит к беременности Рэйчел[16]. В конце восьмого сезона она рожает девочку и даёт ей имя Эмма Геллер-Грин[17]. В течение первой половины девятого сезона они живут в квартире Росса, однако не возобновляют свои отношения.\r\n\r\nВ конце девятого сезона Джоуи признаётся Рэйчел в своих чувствах, и они решают стать больше, чем просто друзьями[18]. Тем не менее, они расстаются в десятом сезоне, понимая, что между ними ничего не выйдет[19].\r\n\r\nРэйчел, в конце концов, находит работу во Франции, однако вспоминает признание Росса о том, что тот всё ещё любит её, и решает остаться. В последнюю минуту она выходит из самолёта и возвращается к Россу, после чего они окончательно воссоединяются друг с другом[20].', '/images/authors/rachel-green.jpg', 2),
(3, 'Моника', 'Геллер', 'Моника — младшая сестра Росса Геллера. В детстве она была очень полной, отчего сильно комплексовала. Однако ко времени начала действия сериала она стала стройной и атлетичной.[1] О том, что она была очень полной, зрители узнают, когда герои смотрят вместе домашнее видео времён школьных старших классов. ', 'Моника — младшая сестра Росса Геллера. В детстве она была очень полной, отчего сильно комплексовала. Однако ко времени начала действия сериала она стала стройной и атлетичной.[1] О том, что она была очень полной, зрители узнают, когда герои смотрят вместе домашнее видео времён школьных старших классов. На оправдания Моники по поводу лишнего веса («камера прибавляет десять фунтов») следует язвительный комментарий Чендлера: «Сколько же камер тебя снимало?».[1] Моника похудела, потому что подслушала как Чендлер высмеивал её полноту в юности. Причём сделала это за один год. Впоследствии она закончит кулинарную школу. До 13 лет не могла узнать время по часовым стрелкам. Моника любит музыкальную группу The Rolling Stones. Дважды прослушала курс психологии в колледже.\r\n\r\nВ начале самостоятельной жизни Моника живет в квартире своей бабушки, вместе со своей подругой Фиби Буффе, однако в начале сериала Фиби съезжает, а в квартире Моники поселяется её школьная подруга Рэйчел Грин. Позднее в квартиру Моники въезжает её возлюбленный, Чендлер. А в последнем эпизоде «Друзей» Моника и Чендлер съезжают с квартиры и переезжают в собственный дом.\r\n\r\nМоника очень организована, чересчур озабочена порядком и чистотой, однажды она сказала, как вымыла 7 автомобилей на парковке возле дома, только потому что не могла вытерпеть их грязный вид. Так же любит азартные игры и ненавидит проигрывать. Коронная фраза — «I KNOW! (рус. Я знаю!)»\r\n\r\nУ неё сохранились комплексы из-за чрезмерной полноты в прошлом и из-за того, что в детстве родители больше любили её старшего брата, Росса.\r\n\r\nМоника и Чендлер познакомились на День Благодарения в 1987 году, когда Чендлер приехал к Россу, с которым жил в одной комнате, на выходные. Он сразу понравился Монике, и она приготовила ему макароны с сыром, когда узнала, что он не ест традиционные блюда. Чендлер посоветовал Монике стать поваром, а потом сказал Россу, что не желает общаться с «его жирной сестрой», не зная, что она его подслушивает. На следующий год похудевшая Моника нечаянно отрезала кончик мизинца Чендлеру, когда пыталась отомстить ему за то, что он высмеивал её полноту. Тем не менее, впоследствии Моника и Чендлер сблизились.\r\n\r\nБлизкие отношения между Чендлером и Моникой начались в Лондоне на свадьбе её брата. Тогда Моника была очень расстроена из-за того, что один из гостей принял её за мать Росса, и Чендлер её утешил, после чего они переспали. Постепенно их отношения переросли в роман, который, однако, они продолжительное время ото всех скрывали. Об их отношениях совершенно случайно узнал Джо, а за ним и остальные друзья.\r\n\r\nВ седьмом сезоне Чендлер и Моника поженились. Свадьба Моники и Чендлера была 18 июня 2001 года. А в последнем сезоне, выяснив, что они не могут иметь детей, Чендлер и Моника усыновили двойняшек Эрику и Джека.', '/images/authors/monica-geller.jpg', 3),
(4, 'Росс', 'Геллер', 'Доктор Росс Юстас Геллер (англ. Ross Eustace Geller) — персонаж американского телевизионного сериала «Друзья», исполняемый Дэвидом Швиммером. Росс считается наиболее умным членом компании друзей, являясь доктором философии и профессором палеонтологии.', 'Доктор Росс Юстас Геллер (англ. Ross Eustace Geller) — персонаж американского телевизионного сериала «Друзья», исполняемый Дэвидом Швиммером. Росс считается наиболее умным членом компании друзей, являясь доктором философии и профессором палеонтологии[1].\r\n\r\nЕго отношения с Рэйчел Грин были включены TV Guide в «список лучших телевизионных пар всех времён», а также Entertainment Weekly в «30 лучших «Быть/Не быть им телевизионной парой».\r\n\r\nИсполнительный продюсер Кевин Брайт уже работал со Швиммером раньше, поэтому сценаристы создавали характер Росса именно под Швиммера. И, следовательно, Швиммер был первым человеком, которого пригласили в шоу.\r\n\r\nРосс — старший брат Моники и любимец родителей. Это объясняется тем, что, как считалось, Джек и Джуди Геллер были бесплодны и появление Росса стало для них настоящим чудом. Росс и Моника очень конфликтовали в детстве, но повзрослев, они очень сблизились. Тем не менее, детские конфликты периодически дают о себе знать.\r\n\r\nДень рождения Росса сложно определить: однажды[4] он сказал, что его день рождения 18 октября, однако когда Джоуи и Чендлер дарят Россу билет на хоккей, якобы в честь его дня рождения (что происходит 20 октября[5]), тот говорит, что его день рождения был 7 месяцев назад. Также, когда Гантер спрашивает, когда день рождения у Рэйчел, Росс сообщает, что родился в декабре.\r\n\r\nУ Росса аллергия на мясо крабов, лобстеров, арахис и киви (однако после неудачного свидания вслепую он не только с удовольствием забирает бесплатный крабовый салат, но и возвращается туда ещё раз за салатом уже вместе с Джоуи[6]). Также Росс утверждает, что не любит мороженое, мотивируя это тем, что оно слишком холодное. Но, гуляя по городу с своей обезьянкой Марселем, он покупает себе мороженое в стаканчике[7], а также он ест мороженое во время прогулки по городу со своей студенткой.\r\n\r\nРосс страдает арахнофобией, а также трипанофобией (боязнь игл и уколов). Убеждён в своих талантах относительно игры на синтезаторе, однако большинство друзей это его убеждение не разделяют. Росс, как и его отец Джек Геллер, — иудей. Однако, со второй женой он сочетался браком в англиканской церкви.\r\n\r\nРосс утверждает, что ему принадлежат идеи фильмов «Крепкий орешек», «Парк Юрского периода», а также рекламной концепции «Got milk?». Имея большее количество денег, хотел бы построить динопарк имени Амелии Эрхарт.\r\n\r\nОднажды[8], Росс (который немного занимался каратэ) объясняет Рэйчел и Фиби, что (по его мнению) унаги — это состояние полного созидания, когда ты предвидишь, что с тобой произойдёт (на самом деле состояние полного созидания — это понятие японских боевых искусств заншин). Девушки высмеивают его и организуют засаду у его дома, пугая Росса до визга.\r\n\r\nЗнаменитости, с которыми хотел бы переспать Росс, и включенные в его «Список знаменитостей»: Ума Турман, Вайнона Райдер, Элизабет Хёрли, Мишель Пфайффер, Дороти Хэмилл. Ранее в нем была Изабелла Росселлини , но он убрал ее из списка, т.к. она считается «международной», а это не подходит. Однажды в кафе зашла Изабелла, Росс пытается к ней «подкатить», рассказывая про свой список, но неудачно.\r\n\r\nКоронная фраза Росса — «Hi» («Привет») произносится с известной долей горечи в голосе.', '/images/authors/ross-geller.jpg', 2);

-- --------------------------------------------------------

--
-- Структура таблицы `categories`
--

CREATE TABLE `categories` (
  `id` int(11) NOT NULL,
  `path` varchar(255) NOT NULL,
  `name` varchar(255) NOT NULL,
  `class_name` varchar(255) NOT NULL
) ENGINE=InnoDB DEFAULT CHARSET=utf8mb4 COLLATE=utf8mb4_general_ci;

--
-- Дамп данных таблицы `categories`
--

INSERT INTO `categories` (`id`, `path`, `name`, `class_name`) VALUES
(1, 'collections', 'Коллекции', 'cl_collections'),
(2, 'market', 'Маркет', 'cl_market'),
(3, 'fashionweek', 'Неделя моды', 'cl_fashionweek'),
(4, 'food', 'Еда', 'cl_food'),
(5, 'afisha', 'Афиша', 'cl_afisha');

-- --------------------------------------------------------

--
-- Структура таблицы `news`
--

CREATE TABLE `news` (
  `id` int(11) NOT NULL,
  `category_id` int(11) NOT NULL,
  `title` varchar(255) NOT NULL,
  `short_text` varchar(255) NOT NULL,
  `full_text` text NOT NULL,
  `news_image` varchar(255) NOT NULL,
  `add_date` timestamp NOT NULL DEFAULT current_timestamp(),
  `author_id` int(11) NOT NULL
) ENGINE=InnoDB DEFAULT CHARSET=utf8mb4 COLLATE=utf8mb4_general_ci;

--
-- Дамп данных таблицы `news`
--

INSERT INTO `news` (`id`, `category_id`, `title`, `short_text`, `full_text`, `news_image`, `add_date`, `author_id`) VALUES
(1, 1, 'Tegin Bridal 2023', 'Светлана Тегин представила первую капсульную коллекцию свадебных нарядов и аксессуаров &#8211; Tegin Bridal 2023. Коллекция включает в себя восемь платьев, выполненных из натуральных тканей , таких как шифон и органза, атлас, дюшес и муслин. Наряды создан', 'Светлана Тегин представила первую капсульную коллекцию свадебных нарядов и аксессуаров &#8211; Tegin Bridal 2023. Коллекция включает в себя восемь платьев, выполненных из натуральных тканей , таких как шифон и органза, атлас, дюшес и муслин. Наряды созданы в романтическом стиле 1920-х годов с русскими мотивами, подчеркивающими изящность линий и утонченность силуэтов. Важным элементом коллекции является использование 100% шелка.\r\nКоллекция Tegin Bridal 2023 &#8211; это не просто набор нарядов, а целый мир романтики и изящества, в котором каждый элемент продуман до мелочей. Натуральные ткани, ручная работа, декор из жемчуга и перьев &#8211; все это создает неповторимый образ невесты, который будет запоминаться на всю жизнь. &#171;Я хотела создать коллекцию, которая будет подходить для разных типов свадеб и для невест с разными предпочтениями, &#8211; говорит Светлана Тегин о своей первой свадебной коллекции. &#8211; Мне важно, чтобы каждая женщина чувствовала себя уверенно и красиво в моих нарядах&#187;. Но не только невесты могут насладиться красотой коллекции Tegin Bridal 2023. Подружки невесты и гости свадьбы также найдут здесь что-то для себя. &#171;Я хотела, чтобы каждый образ был уникальным и отражал индивидуальность его обладательницы, &#8211; отмечает Светлана Тегин. &#8211; Я считаю, что важно выражать свою личность через одежду&#187;. Цветовая гамма Tegin Bridal 2023 не ограничивается традиционными белыми и молочными оттенками, а декор нарядов подчеркивает их индивидуальность. Невестам предлагаются платья в пастельных розовых, зеленых и голубых тонах, однотонные и с яркими узорами или декором, имитирующим перья. Такие образы подойдут для свадебного праздника в разных форматах: от традиционного приема в ресторане или церемонии на природе до вечеринки с семьей и друзьями. Бренд Tegin отличается лаконичным стилем, высоким качеством материалов и прекрасным кроем. Концепция Дома моды Tegin &#8211; интеллектуальность и философия. Мировые культурные традиции сочетаются c прогрессивными технологиями одежды. Эстетика Светланы Тегин балансирует на грани тонкой чувственности и сдержанности. Tegin Fashion House создан Светланой Тегин в 2001 году. В 2007 году Дом обрел стены в просторном лофте в ЦСИ Винзавод. В 2022 Tegin Fashion House переехал двухэтажное лофт-пространство на заводе &#171;Плутон&#187; (Лофт-пространство &#171;Плутон&#187;, Нижняя Сыромятническая ул., 11, корп. 1, этаж 2, офис 215), где сегодня расположено ателье и собственное производство, студия и шоурум Tegin.', 'https://moda247.ru/wp-content/uploads/2023/04/tegin-bridal-2023-00.jpg', '2023-05-02 11:27:50', 1),
(2, 2, 'Маркет Московской недели моды', 'Дизайнеры из 96 российских городов подали 689 заявок на участие в городских маркетах под эгидой проекта &#171;Московская неделя моды&#187;. Об этом рассказала заммэра Наталья Сергунина. Ранее их пригласили представить одежду, обувь и аксессуары на площадк', 'Дизайнеры из 96 российских городов подали 689 заявок на участие в городских маркетах под эгидой проекта &#171;Московская неделя моды&#187;. Об этом рассказала заммэра Наталья Сергунина. Ранее их пригласили представить одежду, обувь и аксессуары на площадках в торговых центрах столицы с 28 по 30 апреля. Маркет Московской недели моды организован Фондом моды при поддержке Правительства Москвы. &#171;Организаторы получили почти 700 заявок. Больше половины из них прислали дизайнеры женской одежды, &#8211; сообщила Наталья Сергунина. &#8211; Другая популярная позиция &#8211; украшения и аксессуары. Члены экспертного совета определят 150 брендов, которые в итоге представят свои коллекции москвичам и гостям столицы 28&#8211;30 апреля&#187;. Она добавила, что больше всех предложение заинтересовало потенциальных участников из Москвы, Московской области, Санкт-Петербурга, Нижнего Новгорода и Челябинска. В целом география распространяется на всю Россию &#8211; от Якутии до Краснодарского края и от Калининградской области до Приморского края. Дизайнеры, чьи заявки будут одобрены независимыми экспертами модной индустрии, смогут опубликовать информацию о изделиях в специальном каталоге на платформе &#171;Сделано в Москве&#187; (сделановмоскве.рф). Маркеты Московской недели моды расположатся в ТРК &#171;Европолис&#187; (пр-т Мира, 211), ТЦ &#171;Метрополис&#187; (Ленинградское ш., 16Ак4), ТРЦ &#171;Океания&#187; (Кутузовский просп., 57), ТРЦ &#171;Ривьера&#187; (Автозаводская ул., 18), ТРЦ &#171;Хорошо&#187; (Хорошевское ш., 27), ТРК &#171;Vegas Крокус сити&#187; (Московская область, Красногорск, Международная ул., 12) и новом ТРЦ &#171;Павелецкая Плаза&#187; (Павелецкая пл., 2с2). В результате Московской недели моды состоявшейся летом прошлого года, один из популярных запросов касался помощи молодым и начинающим брендам в реализации их коллекций. В одном из крупнейших торговых центров города открылась секция Created in Moscow, где разместились 50 столичных марок. Продукция московских дизайнеров представлена там на льготных условиях, которые действуют в течение 11 месяцев &#8211; до середины июля 2023 года.\r\nПроизводители получили поддержку в рамках новой правительственной программы &#171;Сделано в Москве&#187; (проект реализует АНО &#171;Московский экспортный центр&#187; (МЭЦ), созданный на основании Приказа Департамента предпринимательства и инновационного развития города Москвы от 28 июня 2021г. № П-18-12-190/21). Московская автономная некоммерческая организация МЭЦ предлагает разные форматы продвижения и подготовило специальный медиаресурс &#171;Сделано в Москве&#187; (сделановмоскве.рф).', 'https://moda247.ru/wp-content/uploads/2023/04/market-moskovskoj-nedeli-mody-00.jpg', '2023-05-02 12:08:00', 2),
(3, 3, 'Estet fashion week', '21-26 апреля состоится XXIII сезон международной ювелирной недели моды Estet fashion week. С 2011 года на подиуме EFW дизайнеры одежды и ювелирных домов. За это время свои коллекции представили дизайнеры России, Италии, Франции, Венгрии, Израиля, Туниса, ', '21-26 апреля состоится XXIII сезон международной ювелирной недели моды Estet fashion week. С 2011 года на подиуме EFW дизайнеры одежды и ювелирных домов. За это время свои коллекции представили дизайнеры России, Италии, Франции, Венгрии, Израиля, Туниса, Белоруссии и других стран.\r\n21 апреля хедлайнером весеннего сезона EFW выступит дизайнер и бизнесвумен Аника Керимова. В этот же день будет представлена коллекция одежды народного художника Узбекистана, ювелира Муяссар Темировой и др. В шоу-показе дизайнера и фотографа Надежды Шибиной 22 апреля зрителей вновь ждет сказочная атмосфера. 23 апреля любители уникального дизайна смогут оценить кружева и кутюрную вышивку в коллекции Елены Мелякиной. 24 апреля в показе дизайнера костюмов для фигурного катания Алены Куклычевой примет участие чемпионка Европы Алена Косторная. 25 апреля проект &#171;Культурное наследие России&#187; представит совестный показ мастера шляп Алины Ив и коллекцию, разработанную мэтром российской моды Вячеславом Зайцевым в коллаборации с брендом Mirafame.\r\n21 и 23 апреля пройдут показы от телеканала Music box с участием звезд эстрады, театра и кино. 24 для участников детских показов пройдет мастер класс актёра театра и кино Михаила Полицеймако. Свои коллекции в рамках недели моды представят Stasia&amp;Stasia, Naz Maer, Kibovskaya, Ivan Rybnikov, Александра Козловская, &#171;Kенгуру2, Alena Iordan, Klimkova, А Glossier, Fashion book, Oksana Slatecka, Юлия Крылова, Елена Мур, Наталья Советская и многие другие.\r\nСреди гостей и участников показов Ирина Безрукова, Игорь Саруханов, Анастасия Волочкова, Митя Фомин, Ксения Новикова, Дмитрий Колдун, группа Чили, Доминик Джокер, Меседа Багаутдинова, группа Чили, Анна Калашникова, Антон Зацепин, группа Revolvers, Светлана Прель, Марина Дрождина и многие другие. Показы будет сопровождать ежедневная музыкальная программа. Жюри Estet fashion week возглавит Сергей Зверев.', 'https://moda247.ru/wp-content/uploads/2023/04/estet-fashion-week.jpg', '2023-05-02 12:20:10', 3),
(4, 1, 'Душегрея: &#171;Лесные записки&#187; (весна-лето 2023)', 'Российский бренд представил новую коллекцию прет-а-порте весна-лето 2023 &#171;Лесные записки&#187; в рамках выставки-форума &#171;Уникальная Россия&#187; и проекта &#171;Этноподиум&#187; в Гостином дворе. &#171;Лесные записки&#187;, пожалуй, одна из самы', 'Российский бренд представил новую коллекцию прет-а-порте весна-лето 2023 &#171;Лесные записки&#187; в рамках выставки-форума &#171;Уникальная Россия&#187; и проекта &#171;Этноподиум&#187; в Гостином дворе. &#171;Лесные записки&#187;, пожалуй, одна из самых позитивных коллекций бренда &#171;Душегрея&#187;. Вдохновением к её созданию послужил &#171;Лесной дневник&#187; микробиолога Джо Браун, с зарисовками и описанием лесных растений и грибов. Принты с забавным лесным зверьем и грибным царством, во главе которого, конечно, мухомор, украсили плащи, ветровки, пальто, куртки, а также легкие платья из шифона, юбки и топы. Утрированно инфантильные А-силуэты позволяют своей обладательнице почувствовать себя маленькой лесной разбойницей. Часть рисунков, которые использованы в создании принтов, специально разработаны для бренда выпускницами колледжа им. Карла Фаберже. Основные цвета коллекции SS-2023 (весна-лето 2023): серый, бежевый, салатовый, винно-красный, терракотовый. Ткани: крепшифон, сетка, кулирка, сатин, плащевые и пальтовые. Показ коллекции &#171;Лесные записки&#187; в Гостином дворе закрывала актриса театра и кино, телеведущая Анастасия Макеева &#8211; давний друг бренда. Дизайнер и основатель марки Наталья Душегрея предложила звёздной участнице примерить игривый и немного хулиганский образ &#8211; белое платье в полоску с воротником и грибным принтом, дополнив его актуальными уже много сезонов подряд белыми кедами. Среди гостей, первыми увидевших новую коллекцию, были Лариса Рубальская и Бедрос Киркоров, Ева Авеева и Ольга Жук, Елена Борзова, Татьяна Таран и другие. Показ &#171;Лесные записки&#187; сопровождала композиция &#171;Скрюченная песня&#187; на слова Корнея Чуковского, в исполнении группы &#171;Т&#235;рн&#187;. Дизайнер Наталья Душегрея, основатель и вдохновитель успешного бренда, который вот уже 5 лет дарит представительницам прекрасной половины человечества возможность погрузиться в чарующий мир дивных сказок! Бренд &#171;Душегрея&#187; известен в первую очередь своей интересной верхней одеждой, с акцентом на принты и дизайнерскую стежку. Минимум &#190; года в России &#8211; холодно и серо, и наша цель: сделать эту &#171;серость&#187; такой же желанной, как и яркое лето!', 'https://moda247.ru/wp-content/uploads/2023/03/lesnye-zapiski-00.jpg', '2023-05-02 12:50:04', 2),
(5, 3, 'City fashion week', '19-23 апреля в московском ТРЦ &#171;Афимолл Сити&#187; состоится неделя моды City fashion week. Неделя представит 24 показа дизайнеров из России и стран ближнего зарубежья. Дизайнеры проведут мастер-классы, а представители fashion-индустрии на public talk', '19-23 апреля в московском ТРЦ &#171;Афимолл Сити&#187; состоится неделя моды City fashion week. Неделя представит 24 показа дизайнеров из России и стран ближнего зарубежья. Дизайнеры проведут мастер-классы, а представители fashion-индустрии на public talk обсудят самые актуальные вопросы мира моды в изменчивых условиях современной реальности. Также в рамках недели моды состоится уникальный модный показ-коллаборация некоммерческой организации &#171;Открытый мир&#187; и российского дизайнера женской одежды Ксении Князевой &#171;Я продолжаю идти&#187; с участием моделей с ОВЗ. Городская неделя моды откроется дефиле молодого бренда Leffers. В октябре 2022 года искусствовед и историк моды Ольга Лефферс запустила собственный бренд одежды, а в рамках City fashion week Leffers представляет летнюю коллекцию Bird of Paradise (&#171;Райская птица&#187;). Далее состоится показ Malina Bonita. Дуализм вечернего дресс-кода и сдержанности офисного стиля поспособствовал получению новых лаконичных образов и форм, а лейтмотивом коллекции послужили трендовые направления нулевых, нуар, блеск во всех его проявлениях, а также переосмысление современных векторов вечерней моды. Второй день начнется с мастер-класса стилиста Ильмиры Ким. Ильмира расскажет, как правильно дополнить, а не разрушить образ аксессуарами, какие аксессуары уместно смешивать, а какие &#8211; явный моветон. Далее на подиуме представят Sofya.Tereshina (детская одежда), Narny Наринэ Арутюнян и Shatu. Новая коллекция Narny, не изменяя традициям бренда, будет представлена женственными платьями, плащами, юбками и блузами. В этом сезоне в основу принтов и вышивок Наринэ вложила армянские орнаменты и алфавит, а движущей идеей коллекции стало концептуальное и деликатное соединение элементов наследия древней армянской культуры и современных трендов, силуэтов, форм и цвета. В своей новой коллекции бренд Shatu переосмысляет утилитарный и одновременно элегантный стиль, который проходит сквозь десятилетия, но остается на пике своей популярности и востребованности &#8211; стиль сафари. Именно в культовых образах Евы Гарднер, Грейс Келли, Линды Козловски черпала вдохновение для создания своей новой истории дизайнер бренда Shatu Светлана Шатунова. 20 апреля с 18.30 до 19.00 на подиуме состоится Public talk &#171;Мода будущего. Какие тренды нас ждут? Сможет ли нейросеть заменить дизайнеров?&#187;. 21 апреля с 16.00 до 17.00 запланирован мастер-класс стилиста Алины Гребневой по капсуле весна-лето 2023 из моделей, представленных в шоурумах, а в 18.30 &#8211; Public talk &#171;Цикличность моды. Кем она задается, дизайнерами-трендсеттерами или это естественное течение времени&#187;. Свои коллекции представят Klimkova kids, PlayToday (детский показ), коллективный показ City runway (Дина Ханнанова, Tempeless, Manit.Moscow), Iliana Louta и Kuchugova. Kuchugova &#8211; это именной бренд дизайнера Анастасия Кучуговой. В сезоне осень-зима 2023/24 бренд размышляет на тему объединения культур Востока и Запада. В своей новой коллекции &#171;Lakshmi&#187; дизайнер Анастасия Кучугова с легкостью смешивает восточную роскошь с европейской практичностью и удобством и использует аутентичные индийские ткани, расшитые вручную, в работе с европейским кроем. Также в этот день состоится модный показ-коллаборация &#171;Я продолжаю идти&#187; с участием моделей с ОВЗ, который проведут Некоммерческая организация &#171;Открытый мир&#187; и российский дизайнер женской одежды Ксения Князева. Среди моделей будут присутствовать девушки с различными формами ограничений &#8211; использующие инвалидные коляски, протезы рук и ног, модели с ДЦП. В коллекции гости увидят изящные женственные силуэты, актуальные принты, геометрию в стилистике и интересный крой &#8212; все для ярких персон, открытых миру. 22 апреля гости недели моды City fashion week смогут познакомиться с коллекциями Devusi by Alena Tokareva, Rina Collection, Meatting, EFR_fashion, Josephine Cashpar, Venera и Charuel, который представлен в ТРЦ &#171;Афимолл Сити&#187;. Российский премиальный бренд одежды Charuel представляет коллекцию весна 2023. Стилистически коллекция опирается на 3-х символических китов: экологичность, утилитарность и дофамин. Charuel не первый сезон подхватывает тренд на экологичность. В рамках деловой программы с 16.00 до 17.00 &#8211; Public talk &#171;Модное и стильное не может быть практичным и удобным &#8211; стереотип или факт?&#187;. В завершающий день, 23 апреля, состоятся показы L&#8217;erede, Van Cliff, Olga Lyutich, Turban SVS by Vera Sukhinina, Alena Nega, AnPer. И ярким событием на закрытии энедели моды станет показ Svetlana Evstigneeva. Модельер Светлана Евстигнеева при создании коллекции учитывала не только тренды и модные веяния сезона, но и женские состояния, которые могут вызывать платья. Такие платья магнетизируют, они имеют уникальный код, который выделяет вас среди других. С 18.30 до 19.00 Анастасия Дорофеева, практикующий юрист, основатель и руководитель Бюро модного права A. D. Fashion Law, прочитает лекцию на тему &#171;Юридические аспекты продвижения модного бренда&#187;. На 6 этаже ТРЦ &#171;Афимолл Сити&#187; можно будет поближе познакомиться с брендами: EFR_fashion, Shatu, Kuchugova, Narny, Devusi by Alena Tokareva, iGemotions, Turban SVS by Vera Sukhinina, а также узнать российский бренд обуви из натуральной кожи Riconte.', 'https://moda247.ru/wp-content/uploads/2023/04/city-fashion-week-00.jpg', '2023-05-02 12:34:29', 4),
(6, 4, 'Пальмовая ветвь ресторанного бизнеса', '17 апреля в московском КЗ &#171;Мир&#187; состоится вручение российской ресторанной премии &#171;Пальмовая ветвь ресторанного бизнеса&#187;. В финал конкурса премии 2023 года вышли 12 новых российских ресторанных концепций. Премия &#171;Пальмовая ветвь ре', '17 апреля в московском КЗ &#171;Мир&#187; состоится вручение российской ресторанной премии &#171;Пальмовая ветвь ресторанного бизнеса&#187;. В финал конкурса премии 2023 года вышли 12 новых российских ресторанных концепций. Премия &#171;Пальмовая ветвь ресторанного бизнеса&#187; за лучшую ресторанную концепцию в России вручается с 2006 года, когда во России была основана ассоциация участников ресторанного рынка, которая быстро популярным клубом рестораторов и их партнеров по фуд-индустрии. Владимир Чистяков и Антон Пинский, Дмитрий Романов и Алена Мельникова, Сергей Подпорин и Роман Вавилин, Евгения Качалова и Никита Фомкин, Михаил Лопатин и Уиллиам Ламберти, Марина и Александр Колушевы и Ирина и Юрий Моисеевы, Марина Ладыгина и Дмитрий Степанов, Кирилл Шлаен и Хайям Аминов &#8211; трендсеттеры и авторы ресторанных концепций из 9 российских регионов, открытых в 2022 году, соберутся КЗ &#171;Мир&#187; на Цветном 17 апреля. Ведущим фестиваля станет шеф-повар и телеведущий Василий Емельяненко. Готовьтесь спросить спикеров года о том, что в самом деле важно, интересно и будет полезно для вашего бизнеса. Постоянные ведущие бизнес-программы фестиваля &#8212; журналисты Дмитрий Грозный и Наталья Савинская &#8211; уже составили свой список каверзных вопросов, но всегда готовы дать слово залу. В программе на 17 апреля мастер-классы с дегустациями от шеф-поваров ресторанов-финалистов, знакомство с интересными поставщиками и голосование за победителя премии &#171;Пальмовая ветвь ресторанного бизнеса&#187;. Выборы победителя и призеров премии проходят прямо во время вечернего финала, путем голосования за тот или иной проект представителей фуд-индустрии, присутствующих в зале. И этот процесс по традиции сопровождается специально разработанным для события гала-ужином. В этом году на ужине свое меню представит команда хабаровской ресторанной компании Rakusa Group. Проекты этой группы несколько раз входили в ТОП-100 лучших новых концепций страны по версии &#171;Пальмовой ветви&#187;, а для ужина 17 апреля 2023 шефы Rakusa Group придумали меню c акцентом на дальневосточные продукты, которые прибудут в Москву вместе с командой прямиком из Хабаровска. Рестораны-финалисты премии &#171;Пальмовая ветвь 2023&#187;: TT Bistro (Нижний Новгород) и Crevette Bistrot (Санкт-Петербург), Folk (Москва), Fresco (Красноярск) и Grand Buffet Ekaterinburg (Екатеринбург), Lark Cafe (Москва), Lumicino (Москва), &#171;ВинФак&#187; (Москва) и &#171;Два моря, океан&#187; (Петропавловск-Камчатский), &#171;Морской&#187; (Сочи), &#171;Начало&#187; (Ростов-на-Дону) и &#171;Русико&#187; (Самара).', 'https://moda247.ru/wp-content/uploads/2023/04/palmovaya-vetv-restorannogo-biznesa-00.jpg', '2023-05-02 12:36:12', 1),
(7, 5, 'Fashion day Academy Kaurtseva', 'В Москве 21 апреля впервые состоится дефиле коллекций российских дизайнеров Fashion day Academy Kaurtseva *. Мероприятие представит 13 коллекций вечерней высокой моды восходящих звёзд, которые имеют все шансы покорить подиумы всех стран. Каждое изделие ди', 'В Москве 21 апреля впервые состоится дефиле коллекций российских дизайнеров Fashion day Academy Kaurtseva *. Мероприятие представит 13 коллекций вечерней высокой моды восходящих звёзд, которые имеют все шансы покорить подиумы всех стран. Каждое изделие дизайнеров создано на основе корсетных технологий, что позволяет подчеркнуть утонченный силуэт и дать нотку провокации нежным образам. Во все времена для женщин важна эстетика и чувство стиля, тем самым усиливая магию женской энергии для покорения новых высот и вдохновляя сильную половину человечества. Свои коллекции представят дизайнеры: Ольга Барышникова, Юлия Калмыкова, Анна Павлиенко, Ольга Прохорова, Татьяна Новикова, Елена Букина, Елена Федулова, Анна Дядюн, Галина Остапенко, Валентина Дынько, Екатерина Райх, Касимбек кызы Рахат, Татьяна Углицких, Ольга Каурцева.\r\nAcademy Kaurtseva &#8211; швейный интенсив России и ближнего зарубежья. Несмотря на развивающиеся нейро-технологии, актуальны творческие направления, которые позволяют получить полную реализацию и заработок из любой точки земного шара на любимом деле. Именно эта идея объединяет всех дизайнеров в Academy Kaurtseva. Даже самый требовательный соискатель может получить знания, имея только базовый навык шитья. Благодаря полностью проработанной технологии подачи информации, ученицы могли получать все необходимые навыки непосредственно вместе с преподавателем на практике, так и в онлайн-пространстве. &#171;Это прекрасная возможность показать всем зрителям свои авторские корсетные платья и кожаные изделия, основываясь на знаниях, полученных на наших швейных марафонах, &#8211; рассказывает о грядущем показе основатель Academy Kaurtseva Ольга Каурцева. &#8211; Каждая ученица выбирала именно свой источник вдохновения, поэтому получились поистине уникальные изделия, которые помогли раскрыть творческий потенциал на максимум. Больше вы сможете увидеть на Fashion Day Academy Kaurtseva Не пропустите это грандиозное событие с красной ковровой дорожкой. Возможно, следующий выход в свет софитов-ваш&#187;.\r\nСреди гостей Fashion day Academy Kaurtseva ожидаются участники первого сезона российского телепроекта &#171;Подиум&#187; (Runway) Антон Трапезин и Ёргос Погосян. Мероприятие проведет знаменитый телеведущий Максим Привалов. Ольга Каурцева &#8211; обладатель гран-при &#171;Королева корсетов&#187; B. М. Зайцева в 2019 г.\r\nМесто: Ленинский проспект, дом 49, стр. 3, StudioHall** (Зал № 15). Сбор гостей 21 апреля в 18.00. Регистрация на показ. Дресс-код: Black Tie.\r\n**Студио зал\r\n*День моды академии Каурцева', 'https://moda247.ru/wp-content/uploads/2023/04/fashion-day-academy-kaurtseva-00.jpg', '2023-05-02 12:37:29', 2),
(8, 5, 'Эстетическая медицина будущего', 'Международный научно-образовательный форум &#171;Эстетическая медицина будущего. Тренды-2023&#187; 14 апреля в четвертый раз объединит тысячи ведущих специалистов отрасли и блогеров России. Компания &#171;Скин Технолоджи&#187; объединит опытных врачей эст', 'Международный научно-образовательный форум &#171;Эстетическая медицина будущего. Тренды-2023&#187; 14 апреля в четвертый раз объединит тысячи ведущих специалистов отрасли и блогеров России. Компания &#171;Скин Технолоджи&#187; объединит опытных врачей эстетической медицины: косметологов, дерматологов, гинекологов, нутрициологов, геронтологов; руководителей клиник и компаний-дистрибуторов, представляющих инновационные препараты и оборудование отрасли, а также ведущих блогеров и представителей СМИ в Москве на площадке Цифрового делового пространства (Покровка, 47). В рамках форума обсудят темы, связанные с развитием бизнес-направления &#171;Эстетическая медицина&#187;: выбор правильной стратегии в условиях импортозамещения, маркетинговых инструментов, цено- и командообразования. Спикеры поделятся опытом и продемонстрируют технологии и результаты наиболее действенных антивозрастных методик: аппаратных, инъекционных, иммунодиетологических и других. Каждый участник Форума получит &#171;дорожную карту&#187; &#8211; видение будущего, с помощью которой сможет выстроить стратегию своей деятельности и успеха на годы вперед. 14 апреля в программе форума &#171;Эстетическая медицина будущего. Тренды-2023&#187;:\r\nНаучная программа для специалистов по косметологии, эстетической, антиэйдж-медицине и маркетингу.\r\nБьюти-сессия для СМИ, блогеров и топ-экспертов отрасли: место встречи представителей средств массовой информации, профильных журналистов и бьюти-блогеров с авторитетными экспертами отрасли. Источник уникального контента.\r\nВыставочная зона в offline и online форматах. На специальной площадке в режимах offline и online можно познакомиться с трендовыми образцами косметологической продукции &#8211; от уходовых средств и профессиональных препаратов до аппаратных технологий.\r\nБьюти-корнер, организованный для тестирования новых аппаратных методик.\r\nБизнес-зал: зона для обсуждения перспективных бизнес-решений, способов поддержки малого и среднего бизнеса, управленческого опыта в сфере маркетинга, HR, IT-технологий, аналитики в индустрии красоты и здоровья.\r\nЗал эстетической гинекологии для специалистов в популярной области медицины. Гостей форума ждет посещение бьюти-корнера, а самых звездных &#8211; подарки от партнеров &#8211; бьюти-боксы в стильных сумках, дизайн которых специально для мероприятия разработала дизайнер Маша Цигаль. Миссией форума, организуемого компанией &#171;Скин Технолоджи&#187;, является повышение уровня образования врачей и качества оказания услуг в сфере эстетической медицины, создание условий, в которых специалисты индустрии красоты и здоровья чувствуют себя уверенно благодаря высокому уровню профессионализма и практического опыта, а пациенты &#8211; защищенными. К участию в работе конференции приглашены эксперты и аналитики индустрии:\r\nЕлена Москвичева;\r\nВиталий Зорилэ;\r\nСветлана Жабоева;\r\nТатьяна Чаусова;\r\nАндрей Авраменко;\r\nЯна Лобанова.', 'https://moda247.ru/wp-content/uploads/2023/03/esteticheskaya-medicina-budushhego-00.jpg', '2023-05-02 12:38:49', 3),
(9, 2, 'Open Sklad: тренды сезона весна-лето 2023', 'Организаторы выставки Open Sklad совместно с агентством Fashion consulting group и тренд-бюро Fashionsnoops подготовили материал о трендах в коммерческих коллекциях одежды сезона весна-лето 2023: краткое описание каждой темы, ключевые цвета, ткани, детали', 'Организаторы выставки Open Sklad совместно с агентством Fashion consulting group и тренд-бюро Fashionsnoops подготовили материал о трендах в коммерческих коллекциях одежды сезона весна-лето 2023: краткое описание каждой темы, ключевые цвета, ткани, детали и ключевые модели. Выставка Open Sklad состоится с 5 по 7 апреля 2023 года на площадке New Fashion Hall Main Stage (Москва, Шарикоподшипниковская ул., 13, стр. 33).\r\nEmbrace\r\nТема воссоздает мягкий женственный образ, окруженный аурой нежности, гармонии и умиротворения. Embrace пропитана винтажными образами и рисунками, которые навевают воспоминания про чарующие места: старинные усадьбы, музеи, хранящие предметы искусства, или сады, наполненные цветами. После длительного пребывания дома покупатели отказываются от уютного трикотажа в пользу струящихся тканей. Шелковистый атлас с деликатными драпировками подчеркивает естественные изгибы тела. Полупрозрачные материалы делают модели чуть более откровенными. Ключевые детали подчеркивают романтичный настрой модной темы: рюши, драпировки, тонкие бретели.\r\nЦветовая палитра состоит из романтичных цветов: мягкий абрикосовый оттенок, традиционный коралл, насыщенная пыльная роза, серо-голубой, голубой с ноткой лаванды, широкая палитра зеленого шалфея (от бледного до насыщенного), припыленный синий.\r\nКлючевые модели для модной темы Embrace: комплекты с флоральными узорами (например, кроп-топ и юбки), платья с горловиной халтер приталенных силуэтов, удлиненные широкие брюки, цветные и с узорами джинсы-клеш или прямые с манжетами. Главные в сезоне SS23 детали кроя &#8211; это вырезы и разрезы, особенно для ассортимента трикотажа, платьев и юбок. В модной теме Embrace тело демонстрируется деликатно, по сравнению с остальными модными темами.\r\nUnleashed\r\nМодная тема символизирует праздник каждый день в честь снятия ковидных ограничений. Покупатели испытывают радость свободы и общения с единомышленниками, людей захватывает творческая энергия от обмена идеями и совместного времяпрепровождения в больших компаниях. Яркие эмоции в теме Unleashed призывают выпустить наружу внутреннего ребенка. Это проявляется в фантазийных конструкциях одежды, сочетании ярких цветов и использовании полимерных материалов для объемных аксессуаров и фурнитуры. Женская одежда демонстрирует максимальную степень раскрепощенности и сексуальности. Открытое тело используется для самоутверждения и проявления внутренней свободы, а не для привлечения мужского внимания. Это новый виток осмысления сексуальности как возможности самовыражения, возможности быть собой. В одном образе могут сочетаться глубокие вырезы, укороченные топы и длина мини. Наиболее выразительные модели: короткие топы с длинными рукавами, брюки-клеш ярких цветов или в пайетках, платья макси с вырезами на талии и в области плеча, трансформируемое платье с драпировкой на кулиске, ультракороткие шорты и топы-бюстье.\r\nОдежда модной темы Unleashed раскрашена самыми яркими цветами: розовый пинк, голубая бирюза, синтетический зеленый, неоновый салатовый, лимонно-желтый, оранжевый цвета коктейля Aperol Spritz, сливовый, яркий фиолетовый и темный классический синий. Жизнерадостность и избыточность модной темы Unleashed подтверждают орнаменты с использованием контраста: оптическая иллюзия, полосы и квадраты, яркие пятна смешивающихся пигментов. Разрезы в неожиданных местах, эластичные сборки, тонкие ремешки и завязки делают образ запоминающимся. Элементы вечернего гардероба плавно перетекают в повседневные образы: после долгого периода затворничества покупателей тянет к вечеринкам и праздничным нарядам, поэтому бахрома и пайетки интегрируются в одежду на каждый день.\r\nDescendants\r\nТема наполнена идеей поиска нового места для жизни. Освоение новых труднодоступных территорий невозможно без единения коллектива и умения приспосабливаться к условиям внешней среды. Понятные и универсальные цвета создают единообразие одежды как униформы сообщества. Адаптивность в одежде проявляется за счет возможности длительной носки трансформируемых конструкций при различных условиях использования, что соответствует потребностям покупателей. Поэтому повседневная одежда дополняется различными функциональными деталями, такими как шнурки, молнии, капюшоны, отстегивающиеся элементы, стеганые утепленные детали. Конструкции продуманы для нескольких вариантов ношения, чтобы покупатель мог использовать одно и то же изделие в разных погодных условиях или социальных ситуациях (для работы и для прогулки, для города и для походов и т.д). Утилитарность и практичность также обеспечивается за счет материалов: эластичного нейлона, трикотажа в рубчик, стеганого хлопка, полупрозрачных курточных тканей, вощеного хлопка и мягкой парусины. Цветовая палитра изделий состоит из часто носимых и немарких цветов для города и загородной жизни. Преобладающие цвета: оттенки песчаной почвы (коричневые, бежевые и песочные), светлый серый и графитовый, мягкий светлый цвет шафрана и серо-розовый, базовый молочный и насыщенный оливковый. В узорах преобладают природные мотивы: анималистические принты, узоры, напоминающие рельефы земли, а также футуристическая линейная геометрия, песчаные фотопейзажи. Ключевые модели функциональны и практичны: стеганый жилет, широкие брюки- карго, комбинезон, жакет- бомбер, рубашка-туника, бермуды, водолазка регулируемой длины.\r\nMade\r\nМодная тема объединяет вековые традиции прошлого и современные регенеративные эко-технологии. Модные тренды все чаще обращаются к природным материалам и традиционным ремеслам. Ремесленные техники, передающиеся из поколения в поколение, интегрируются в современные модели, отражая тесную связь с культурой и наследием прошлого. Большое внимание уделяется прозрачности производственного цикла и происхождению сырья: натуральные материалы с минимальной степенью обработки и возможностью естественного разложения становятся особенно ценными. Модная тема Made состоит из практичных вневременных моделей, которые могут носиться на протяжении долгих лет благодаря минималистичному дизайну и нейтральной цветовой палитре. Цвета напоминают неокрашенные материалы или цвета природных красителей: небелёный хлопок и лен (бежевый, молочный, бледно-серый, бледно-желтый), натуральная древесина (коричневые оттенки), природные красители (синий индиго, травяной зеленый, пыльный розовый). Для летнего гардероба актуальны натуральные материалы, выращенные без использования химикатов, такие как лен, хлопок, конопляное полотно. Макраме и вязание крючком используются для моделей летнего гардероба и пляжной одежды. В узорах преобладают флоральные орнаменты или узоры домашнего текстиля: цветы, лоза, расплывшиеся краски, разнообразные вариации полосок и абстрактной геометрии, техники ручной окраски (например, шибори). Декоры и детали &#8211; бахрома, кисточки, узлы, стежка &#8211; выполнены вручную или при помощи ремесленных техник. В летнем ассортименте модной темы Made сочетаются элегантные модели свободных силуэтов и эффектные изделия ручной вязки: топ с фактурным плетением макраме, вязаное платье макси, брюки слоучи, удлиненный жакет без воротника, широкие джинсы.', 'https://moda247.ru/wp-content/uploads/2023/03/open-sklad-00.jpg', '2023-05-02 12:40:20', 4),
(10, 5, 'Как экологично подготовиться к тренировкам &#8211; четыре составляющих', 'На эффективность тренировки влияет корректно подобранная последовательность упражнений и техника их выполнения. Если хотя бы одна из двух составляющих выпадает, страдает результат. Что делать, когда человек при всём желании не может правильно выполнить уп', 'На эффективность тренировки влияет корректно подобранная последовательность упражнений и техника их выполнения. Если хотя бы одна из двух составляющих выпадает, страдает результат. Что делать, когда человек при всём желании не может правильно выполнить упражнения, рассказывает эксперт-методист сети фитнес-клубов XFIT в России Оксана Маркова.\r\nВ правильном выполнении упражнений на первый взгляд нет ничего сложного: самостоятельно находите методические указания или обращаетесь к тренеру, который точно знает технику, и делаешь. На практике даже с самыми простыми вещами бывают трудности. Например, в приседаниях нужно расставить ноги на ширину плеч, увести таз назад, сохранять положение коленей на уровне стоп и поддерживать спину. Тренер это знает, направляет и тактильно корректирует движения, человек старается, но всё равно корректно выполнить знакомое со школы упражнение не может.\r\n&#171;Чтобы понять, есть ли ошибки в технике, стоит задать себе ряд вопросов. Разберёмся на примере латеральных выпадов. Когда мы шагаем в сторону, одна нога сильно отведена в сторону. Достаточно ли она отведена? Даёт ли сустав выполнить движение полностью? Позволяет ли подвижность тканей внутренней поверхности бедра раскрыть его, &#8211; задаётся вопросами эксперт-методист сети фитнес-клубов XFIT в России Оксана Маркова. &#8211; Если хотя бы один ответ отрицательный, стоит ждать компенсации в спине, другой или той же ноге, которая будет в некорректном положении. Например, &#171;завалится&#187; и согнется вместо того, чтобы оставаться вытянутой и ровной&#187;.\r\nПроблема неправильной техники выполнения упражнений часто кроется в недостаточной подвижности суставов и мягких тканей (миофасций). Эта мобильность анатомически могла быть не развита или утрачена из-за отсутствия тренировок и растяжки. Также могли закрепиться некорректные паттерны, ограничивающие движения. Хорошая новость в том, что диапазон подвижности можно расширить, если над ним работать. Вот четыре главных составляющих.\r\n1. Направленные на определённую плоскость движений упражнения. Сложное для воспроизведения упражнение можно разобрать на микросоставляющие для разных групп мышц, связок и сухожилий, найти проблему и точечно с этим местом поработать, чтобы в конкретной точке развить гибкость и правильные движения.\r\n2. Растяжка мышц и мягких тканей помогает увеличить их подвижность и гибкость, а также улучшить кровообращение и снизить риск травм. Стоит растягивать мышцы и суставы не только во время тренировок, но также в течение недели в формате &#171;домашнего задания&#187;. Это особенно полезно, если много времени приходится проводить за столом или в неподвижном положении.\r\n3. Подкрепляющая нагрузка. Регулярные занятия йогой, пилатесом, танцами или плаванием могут помочь повысить подвижность суставов, улучшить растяжку тканей и гибкость мышц. Эти занятия также помогают дальнейшей работе в тренажёрном зале.\r\n4. Массаж содействует улучшению кровообращения в мягких тканях и повышает их подвижность, уменьшает напряжение и убирают зажимы. Походы к массажисту можно чередовать с работой роликом или мячиком для самомассажа. Главное, делать это по согласованию со специалистом.\r\nИногда кажется, что трата времени на такие дополнительные активности вместо силовой работы в зале сделает путь к хорошей форме и рельефным мышцам более длинным и сложным. Но опыт XFIT показывает: такая экологичная &#171;чистка&#187; тела, которая позволяет расширить его возможности и диапазон движений, необходима. Она становится хорошим фундаментом для правильной техники выполнения упражнений, а значит и более заметного результата в будущем.', 'https://moda247.ru/wp-content/uploads/2023/03/kak-ekologichno-podgotovitsya-k-trenirovkam-chetyre-sostavlyayushhix.jpg', '2023-05-02 12:41:38', 1),
(11, 1, '&#171;Вира Плотникова&#187; коллекция осень-зима 2023/24', 'Бренд &#171;Вира Плотникова&#187; (Vira Plotnikova) отметил свой юбилей, представив коллекцию FW-2023/24 на выставке CPM &#8212; Collection Premi&#232;re Moscow. В 2023 году бренду Vira Plotnikova исполняется 5 лет. За эти годы он успел обрести множество ', 'Бренд &#171;Вира Плотникова&#187; (Vira Plotnikova) отметил свой юбилей, представив коллекцию FW-2023/24 на выставке CPM &#8212; Collection Premi&#232;re Moscow. В 2023 году бренду Vira Plotnikova исполняется 5 лет. За эти годы он успел обрести множество поклонниц, которые вновь и вновь возвращаются к нему за очередной обновкой для гардероба. Одним из главных преимуществ бренда является интересные возможности В2В-сотрудничества &#8212; собственное производство с гарантией качества. Бренд предлагает для своих партнеров взаимовыгодные и комфортные условия. Бренд представлен уже в 20 городах России и планирует расширять горизонты, предлагая модный и актуальный ассортимент. В новой коллекции представлено более 10 фактур материала и более 20 цветов. Vira Plotnikova является первой компанией, которая представила на рынке коллекцию зимней одежды в стиле Teddy coat, полностью созданную из инновационного материала Merino WoolFur. Это композиционный материал из премиальной шерсти мериноса, новый тип искусственного меха с натуральным ворсом. Vira Plotnikova идет в ногу со временем. Именно поэтому команда бренда учитывает все современные тенденции при создании новых коллекций. Безусловным хедлайнером коллекции по-прежнему остаются завоевавшие популярность модели, выдержанные в деловом элегантном стиле &#8211; фирменные Teddy coat. Тем, кто больше ценит классику предназначены модели спокойной, традиционной расцветки: от изысканного синего до теплого бежевого. С помощью таких пальто легко создать образ современной женщины, не теряющей своего очарования в бесконечной городской суете. Любительницам изысканных решений прекрасно подойдут пальто от Vira Plotnikova жемчужного оттенка &#8211; несколько моделей в 7 фактурах с разной обработкой ворса. Белое пальто &#8211; идеальный вариант для вечернего выхода. В нем можно отправиться и на ужин в ресторан, и на премьеру в театр, и на вечеринку с друзьями. А если сочетать его с черными платьем или брючным комплектом, то можно получить трендовый образ. Для тех, кто предпочитает выделяться из толпы мы создали модели самых модных цветов сезона &#8211; фуксии и лаванды. Такие яркие оттенки способны поднять настроение не только вам, но и всем тем, кто посмотрит на вас. Пальто можно сочетать с брюками или платьем цвета фуксии. Тем, кто ценит удобство, мобильность и комфорт, идеальным вариантом на каждый день станут куртки-авиаторы. В тренде в этом сезоне все оттенки бежевого, включая карамель, песочный, кэмел. Интересное сочетание &#8211; такая куртка и брюки-кюлоты в той же цветовой гамме. А если вам хочется выглядеть более спортивно и ярко, то обратите внимание на куртки-бомберы бренда. Например, комбинированная модель яркого зеленого цвета с белыми рукавами. В такой куртке легко двигаться и она очень комфортна в носке.', 'https://moda247.ru/wp-content/uploads/2023/03/vira-plotnikova-fw-2024-00.jpg', '2023-05-02 12:42:32', 2),
(12, 1, 'Manders представляет собственную &#171;Архитектурную палитру&#187; цветов', 'Линейка из 48 уникальных и сочетающихся между собой оттенков, которая будет гармонично смотреться как в российских, так и западных интерьерах, уже доступна к покупке. Рассказываем главное о новой коллекции Manders. &#171;Архитектурная палитра&#187; &#8211', 'Линейка из 48 уникальных и сочетающихся между собой оттенков, которая будет гармонично смотреться как в российских, так и западных интерьерах, уже доступна к покупке. Рассказываем главное о новой коллекции Manders. &#171;Архитектурная палитра&#187; &#8211; 34 центральных и 14 дополняющих оттенков, авторами которых стали 37 архитекторов. Сеть магазинов Manders известна широкому кругу покупателей с 1996 года. Компанию знают как надежного поставщика декоративных материалов от ведущих мировых брендов &#8211; красок, обоев, интерьерного текстиля, ковровых покрытий и гипсовой лепнины. Своей задачей Manders считает вдохновлять на новые идеи всех, кто планирует сделать ремонт для своего дома, либо профессионально интересуется декорированием интерьеров. В этом году компания презентует громкую новинку &#8211; собственную &#171;Архитектурную палитру&#187; цветов (Architectural colours), созданную совместно с ведущими российскими архитекторами. В линейку вошло 48 цветов краски, из которых 34 оттенка неповторимы: каждый из них рассказывает уникальную историю ее создателя. На протяжении полугода архитекторы добивались идеальной цветовой интерпретации своих тесно переплетенных с работой образов, воспоминаний природных красот и личных впечатлений. В этом им помогали колеровщики Manders, которые славятся своим мастерством. Палитра получилась крайне разнообразной: здесь есть и основные базовые цвета, акцентные, звучные оттенки, цвета с характером, а есть 14 комплиментарных спокойных оттенков-компаньонов. Таким образом, небольшая и довольно насыщенная палитра стала рабочим инструментом для создания гармоничного интерьера и будет интересна для работы всем: и архитекторам, и дизайнерам, и любителям цвета и перемен. Что важно, эта коллекция оттенков получилась, что называется, вне времени. В палитре Architectural Colours прослеживается ход мыслей авторов, их индивидуальность, которая никогда не выходит из тренда. Все оттенки отлично дружат друг с другом, создавая выразительные и уникальные сочетания. Как хорошо работают выбранные оттенки в интерьере показали на выставке биеннале предметного дизайна &#171;Придумано и сделано в России&#187; во Всероссийском музее декоративно-прикладного и народного искусства. Экспозиция выставки, оформлением которой занималась архитектор и основатель бюро PS Culture Юлия Наполова, полностью выполнена в оттенках &#171;Архитектурной палитры&#187; Manders.\r\nЦветовое решение экспозиции построено на 6 вдохновляющих оттенках линейки, которые сыграли ключевую роль в оформлении каждого зала. Дизайнеры окрасили в них не только стены, но и подиумы, на которых были представлены экспонаты. Многие оттенки уже стали хитами.\r\nНапример, оттенок 6 &#171;Жандармский&#187;, созданный архитектором Анной Медлевой: это сложный цвет насыщенной морской волны, поднимающейся из самых глубин моря, наполненный сиянием изумрудов и глубиной малахита. Цвет с бархатистой мягкостью костюма, цвет кителя.\r\nА оттенок 8 Lavender shadow Сергея Кузнецова &#8211; это теплый синий оттенок, как у любимого автором художника-акварелиста Джона Сингера Сарджента. Эффектный, но при этом абсолютно универсальный цвет: в такой не страшно окрасить не только стены, но и потолок, получив очень свежий по ощущениям интерьер.\r\n13 &#171;Красная Москва&#187;, придуманный Наринэ Тютчевой, &#8211; красивый, с примесью терракоты оттенок. Из кирпича похожего оттенка некогда был построен Московский Кремль.\r\nОттенок 36 Magenta ABGD Павла Гордеева и Никиты Демидова &#8211; безумный розовый, пурпурный, фуксия &#8211; в цветовом отношении одна из высших позиций четырехцветной автотипии, цвет такой же базовый, как черный или белый.\r\nСочный цвет лимона с небольшим оттенком лайма &#8211; 19 Lemon submarine &#8211; вдохновлен детскими воспоминаниями архитектора Дмитрия Овчарова о виниловой пластинке, а насыщенный синий 35 &#171;Сияющие сумерки&#187; Тимура Башкаева олицетворяет переходящие в ночь сумерки, момент, когда небо еще сохраняет метафизическое сияние.\r\nТакже палитра обладает сильным рядом охристых и золотистых и глубоких черных оттенков с различными подтонами. Все они могут прекрасно работать между собой &#8211; уникальное свойство, которое раньше мы могли найти только у красок ведущих западных брендов.\r\nАрхитектурная палитра создана при участии и идейном вдохновении Арсения Леоновича, Владимира Кузьмина, Юлии Шишаловой и Анны Пронской.', 'https://moda247.ru/wp-content/uploads/2023/03/manders-00.jpg', '2023-05-02 12:43:44', 3),
(13, 5, 'Чёрная пантера Рут Картер и её золотая статуэтка', 'Рут Картер (Ruth E. Carter) &#8211; художник по костюмам с более чем 30-летним стажем и первая чёрнокожая американка, получившая Оскар в номинации &#171;Лучший дизайн костюмов&#187; за работу над фильмом Райана Куглера &#171;Чёрная пантера: Ваканда навеки', 'Рут Картер (Ruth E. Carter) &#8211; художник по костюмам с более чем 30-летним стажем и первая чёрнокожая американка, получившая Оскар в номинации &#171;Лучший дизайн костюмов&#187; за работу над фильмом Райана Куглера &#171;Чёрная пантера: Ваканда навеки&#187;. Она сотрудничала со многими кинематографистами, на её счету более 70 картин. При этом подавляющее число её работ &#8211; это утверждение эстетики афроамериканцев и исследование истории чёрнокожих. Вместе со своим крёстным отцом в мире кино Спайком Ли (Spike Lee), Картер показала миру как выглядит жаркий летний день в Бруклине в &#171;Делай как надо!&#187; (Do The Right Thing!) в 1989 г. Удивила синим фраком, который молодой Малкольм Икс носил на улицах Гарлема в фильме 1992 года об американском борце за права чернокожих. За этот фильм всё того же Спайка Ли, режиссера, с которым они сделали вместе больше десятка картин, она была первый раз номинирована на Оскар. Ослепила сверкающими платьями Анджелы Бассет (Angela Bassett) в роли Тины Тернер в байопике &#171;На что способна любовь&#187;, снятом Брайаном Гибсоном (Brian Gibson) в 1993 г. Будь то модная одежда середины ХХ века, исторический костюм в картине &#171;Амистад&#187; Стивена Спилберга о борьбе с рабством в США (еще одна номинация на &#171;Оскар&#187;), фильм Авы ДюВерней (Ava DuVernay) о Мартине Лютере Кинге или воплощение во плоти героев комиксов, чьи образы уже укоренились в сознании миллионов, Картер внимательно изучает материал и ставит перед собой задачу максимально приблизить костюмы к прототипам. И волшебная сила её творчества именно в удивительно точной и внятной интерпретации времени, с которым она имеет дело. Магия костюмов Рут Картер в грандиозном проекте &#171;Чёрная пантера: Ваканда навеки&#187; (Black Panther: Wakanda Forever) достигает своего апогея. Картер строит афрофутуристический мир Ваканды, внедряя африканские принты и мотивы в ткани, текстуры и украшения. Она одевает на героев объёмные головные уборы, тяжёлые серьги и доспехи, отдавая дань традиционным костюмам различных африканских племен. Придумывая костюмы для жителей подводного королевства Талокана, Рут Картер обратилась к истории и культуре Мезоамерики и стала инициатором коллаборации с Ирис Ван Херпен (Iris van Herpen). В коллекциях этого датского дизайнера прослеживается водная стихия: много моделей из шифона, муара, своеобразные принты, поэтому Рут решила непременно поработать с этим модельером. Оглядываясь на фильмы Рут Картер, совершенно ясно, что её Оскар назрел давно. С 1988 года, когда она дебютировала в качестве художника по костюмам в легендарном фильме Спайка Ли &#171;Школьные годы чудесные&#187; (School Daze), дизайнер неудержимо и умело изображала прошлое, настоящее и будущее жизни чёрных в Америке. Её награда, в первую очередь, за то, что она всегда отдавала дань уважения чёрной культуре и уличному стилю одежды в той мере, на которую никогда не были способны другие стилисты.', 'https://moda247.ru/wp-content/uploads/2023/03/luchshij-dizajner-kostyumov-oskar-2023-04.jpg', '2023-05-02 12:45:06', 4);
INSERT INTO `news` (`id`, `category_id`, `title`, `short_text`, `full_text`, `news_image`, `add_date`, `author_id`) VALUES
(14, 4, 'Знаменитости в гостях у выставки CPM &#8211; Collection Premi&#232;re Moscow', 'XXXIX международная выставка в индустрии моды CPM &#8211; Collection Premi&#232;re Moscow в конце февраля продемонстрировала посетителям более 600 коллекций брендов одежды и аксессуаров из 21 страны сезона осень-зима 2023/24. Благодаря активно развивающей', 'XXXIX международная выставка в индустрии моды CPM &#8211; Collection Premi&#232;re Moscow в конце февраля продемонстрировала посетителям более 600 коллекций брендов одежды и аксессуаров из 21 страны сезона осень-зима 2023/24. Благодаря активно развивающейся господдержке индустрии моды, на СРМ можно было найти коллективные стенды девяти областных центров, включая Москву, Краснодар и Омск, представившие как известные местные марки, так и молодых авторов. Байерская сессия за четыре дня работы собрала на площадке 18 800 специалистов индустрии моды: ритейлеров, байеров, дистрибьюторов, поставщиков материалов, оборудования и услуг, а также производителей. CPM привлекает внимание не только профессионального сообщества, но и знаменитостей, которые благодаря celebrity management, имеют возможность ознакомиться со всеми новинками будущего сезона и поддержать многие бренды. Проект CPM организует компания &#171;Экспо Фьюжн&#187;. Выставка проходит дважды в год в ЦВК &#171;Экспоцентр&#187;. &#171;Я очень давно не интересовалась модой и одеждой, как-то так получилось.\r\nПришла и посмотрела, как много всего создают наши соотечественники, &#8211; поделилась Катерина Шпица. &#8211; Мне очень понравилась одежда у краснодарского бренда Vivo Style &#8211; приятные ткани и коллекции, монохром, очень стильные силуэты. Отметила для себя плащи Julvern у них классный и креативный дизайн&#187;. Знаменитости в гостях у выставки CPM &#8211; Collection Premi&#232;re Moscow: Ирина Хакамада, Катерина Шпица, Анна Тихомирова, Ирина Гринёва, Анастасия Меськова, Юлия Михальчик, Екатерина Одинцова, Анна Чурина, Татьяна Веденеева, Лариса Вербицкая, Карина Андоленко, Рената Пиотровски, Анна Пескова, Агния Кузнецова, Валерия Ланская, Ирина Пудова, Анастасия Денисова, Женя Малахова, Анастасия Гребёнкина, Алёна Чехова, Ирина Лачина, Яна Крайнова, Антон Азаров и другие. &#171;На выставке CPM я познакомилась с брендом Vivo Style и для меня это стало открытием весны, буду носить их изделия с удовольствием, &#8211; рассказала Лариса Вербицкая, &#8211; Среди моих друзей много российских дизайнеров и производителей и за многие годы общения мы стали друзьями, поэтому я отношусь к отечественным производителям с большим уважением, трепетом, вдохновением. Например, марка верхней одежды Dolche Moda, ценю их и восхищаюсь ими&#187;. Важным событием XXXIX сезона стало возвращение ярких показов моды участников выставки CPM сезона FW-2023/24. Более 20 дизайнерских марок презентовали коллекции на подиуме в рамках коллективных показов CPM Selected Show, dreams Selected Show, Mix &amp; Match Show, CPM Designerpool Show, Vira Plotnikova Show, а также финала IX Всероссийского конкурса дизайнеров одежды PROfashion Masters. &#171;Следующая выставка CPM будет юбилейной 40-й. К этой круглой дате выставка подходит в очень хорошей форме: более 600 участников из разных стран, огромный павильон Турции, много итальянских брендов, &#8211; прокомментировала Екатерина Одинцова. &#8211; В выставке снова участвует Китай, появились новые страны. Мода в России развивается, и выставка CPM приобретает всё большую важность, помогая российским производителям одежды находить своих покупателей&#187;. В рамках СРМ состоялась выставка ведущих российских и международных производителей по направлениям lingerie, beach, active, erotic, home &#8211; dreams by CPM.', 'https://moda247.ru/wp-content/uploads/2023/03/znamenitosti-v-gostyax-u-cpm-00.jpg', '2023-05-02 12:47:00', 1),
(15, 5, 'Оскар 2023: Лучший дизайнер костюмов', 'Объявлены номинанты на премию Оскар-2023 за лучший дизайн костюмов. Церемония вручения награды состоится 12 марта в лос-анджелесском кинотеатре Dolby Theatre. Ведущим премии станет американский комик и телеведущий Джимми Киммел. На премию Оскар-2023 в ном', 'Объявлены номинанты на премию Оскар-2023 за лучший дизайн костюмов. Церемония вручения награды состоится 12 марта в лос-анджелесском кинотеатре Dolby Theatre. Ведущим премии станет американский комик и телеведущий Джимми Киммел. На премию Оскар-2023 в номинации &#171;Лучший дизайнер костюмов&#187; выдвинуты: Мэри Зофрис, Рут Э. Картер, Кэтрин Мартин, Ширли Курата и Дженни Беван.\r\nВ номинации Best Costume Design (&#171;Лучший дизайн костюмов&#187;) премии Oscar (Оскар) 2023 года выдвинуто 5 фильмов: Мэри Зофрис (Mary Zophres), &#171;Вавилон&#187;;\r\nШирли Курата (Shirley Kurata), &#171;Всё везде и сразу&#187;;\r\nДженни Беван (Jenny Beavan), &#171;Миссис Харрис едет в Париж&#187;;\r\nРут Э. Картер (Ruth E. Carter), &#171;Чёрная пантера: Ваканда навсегда&#187;;\r\nКэтрин Мартин (Catherine Martin), &#171;Элвис&#187;. &#171;Вавилон&#187; &#8211; дизайнер костюмов Мэри Зофрис Голливуд, конец 1920-х годов. В фильме &#171;Вавилон&#187; (Babylon) звёзды немого кино пытаются найти место в новом мире, где набирают популярность звуковые фильмы. Успешная карьера старых кумиров неумолимо близится к закату.\r\nМэри Зофрис &#8211; американская художница по костюмам фильма &#171;Вавилон&#187; режиссёра Дэмьена Шазелла (Damien Chazelle). Она ранее работала с Дэмьеном Шазеллом над картиной &#171;Ла-Ла Ленд&#187;, фильм был удостоен награды за лучший дизайн костюмов на премии Общества кинокритиков Сан-Диего, а также награды на премии Гильдии художников по костюмам. Кроме того, Мэри Зофрис принесла победу фильму &#171;Индиана Джонс и Королевство хрустального черепа&#187; на премии &#171;Сатурн&#187;. Помимо премии Оскар, дизайнер также не раз была номинирована на премию BAFTA, что, несомненно, говорит о её высоком профессионализме. В фильме &#171;Вавилон&#187; перед ней стояла довольно непростая задача, нужно было показать действительность, которая окружала актёров 20-го века, но при этом разного рода клише, как например, тугие локоны и брови-ниточки, были под запретом.\r\n&#171;Он сказал: соблюдай историческую достоверность, но найди вещи, которые удивят и не будут типичны для фильмов той эпохи, &#8212; вспоминает Зофрис. &#8212; Это было очень ценное указание, но при этом оно стало настоящим вызовом&#187;.\r\n&#171;Всё везде и сразу&#187; &#8211; дизайнер костюмов Ширли Курата Эвелин (героиня Мишель Йео) получает доступ к воспоминаниям, эмоциям и невероятным способностям других версий себя. Теперь она может прожить тысячи жизней и быть кем угодно &#8211; известной актрисой, мастером боевых искусств, оперной дивой и даже небесным божеством. Однако, всем мультивселенным угрожает таинственная сущность, с которой Эвелин предстоит сразиться.\r\nШирли Курата (Shirely Kurata) &#8211; американский стилист-костюмёр и художница по костюмам, создатель костюмов фильма &#171;Всё везде и сразу&#187;. Этот фильм представлен в целых 11-ти номинациях на премию Оскар, включая все основные. Ширли Курата обладает своим неповторимым и ярким стилем, она оформляла рекламные кампании для Кензо и Оливера Пиплса, создавала коллекции для дизайнера Питера Дженсена, её клиентами были такие знаменитости, как Фаррелл Уильямс, Билли Айлиш, Зои Дешанель и Лена Данэм.\r\n&#171;Она способна взять самые глупые на вид вещи и превратить их в высокую моду&#187;, &#8211; отметил режиссер и сценарист &#171;Всё везде и сразу&#187; Дэн Кван (Daniel Kwan).\r\n&#171;Я очень сильно подвержена влиянию Лос-Анджелеса, &#8211; говорит художник по костюмам фильма &#171;Всё везде и сразу&#187; Ширли Курата. &#8211; Этот город так богат культурой и искусством, но при этом является городом и развязным, и холодным одновременно. Он окружен горами, пляжами и пустыней. Поэтому у вас есть и доступ к природу, что также важно для жизни творческой жизни&#187;.\r\n&#171;Миссис Харрис едет в Париж&#187; &#8211; дизайнер костюмов Дженни Беван Лондон, 1950-е годы. Овдовевшая лондонская домработница безумно влюбляется в платье Диор и решает, что у неё должно быть собственное. Она отправляется в Париж за своей мечтой.\r\nДженни Беван (Jenny Beavan) &#8211; британская художница по костюмам, работала над костюмами для фильма &#171;Миссис Харрис едет в Париж&#187;. Она была 11 раз номинирована на премию Оскар в номинации &#171;Лучший дизайнер костюмов&#187;, 3 из этих номинаций принесли ей победу. Первая награда была получена за фильм &#171;Комната с видом&#187;, которую Дженни Беван разделила с дизайнером Джоном Брайтом (John Bright), вторая &#8211; за фильм &#171;Безумный Макс: Дорога ярости&#187;, а третья &#8211; за фильм &#171;Круэлла&#187;. У неё также насчитывается 9 других наград и множество номинаций.\r\n&#171;Было приятно быть красиво одетой и накрашенной в прекрасных старых платьях Диор, которые я носила&#187;, &#8211; говорит Изабель Юппер (Isabelle Huppert), сыгравшая Клодин Колбер в фильме &#171;Миссис Харрис едет в Париж&#187;. Актриса подчеркнула, что в фильме было &#171;действительно очень весело сниматься&#187;, в первую очередь, потому что требовалось быть постоянно одетой в элегантные наряды Диор, воссозданные дизайнером Дженни Беван.\r\n&#171;Чёрная пантера: Ваканда навсегда&#187; &#8211; дизайнер костюмов Рут Е. Картер После смерти короля Т&#8217;Чаллы королева Рамонда, Шури, М&#8217;Баку, Окойе и Дора Милаж сражаются, чтобы защитить ваканду от мировых держав.\r\nРут Е. Картер (Ruth E. Carter) &#8211; американская художница по костюмам, известная по работе в фильмах режиссёра Спайка Ли. Кроме костюмов для фильмов Спайка Ли, дизайнер известна своими работами у режиссёров: Стивена Спилберга, Джона Синглтона и Авы Дюверней. Рут Е. Картер была трижды номинирована на премию Оскар, и одна из этих номинаций принесла ей победу, это была награда за фильм &#171;Чёрная пантера&#187;.\r\n&#171;Очевидно, что мы вместе сделали действительно отличный дизайн костюмов в первом фильме, но во втором мы спросили: &#8220;Как мы можем улучшить это? Как мы можем раздвинуть границы?&#8221;&#187;, &#8211; отметила дизайнер Картер.\r\nРабота Рут Е. Картер получила высокую оценку за то, что она познакомила широкую аудиторию с афрофутуристическим дизайном костюмов, а дизайнеры из стран Африки утверждали, что она привлекла внимание к контингенту как к растущей силе дизайна, технологий и моды.\r\n&#171;Элвис&#187; &#8211; дизайнер костюмов Катрин Мартин История жизни и творческого пути короля рок-н-ролла Элвиса Пресли (Elvis Aaron Presley) через призму сложных взаимоотношений с его одиозным менеджером, полковником Томом Паркером. Они работали вместе более 20 лет: от начала карьеры Элвиса до его небывалой славы.\r\nКатрин Мартин (Catherine Martin) &#8211; австралийская художница по костюмам, художник-постановщик и кинопродюсер. Обладательница четырёх Оскаров &#8211; это были 2 награды за фильм &#171;Мулен-Руж&#187; и 2 награды за фильм &#171;Великий Гэтсби&#187;. Одна из наград в обоих фильмах была присуждена в номинации за лучший дизайн костюмов, а вторая за лучшую работу художника-постановщика. Катрин Мартин обладательница премии BAFTA, и как дизайнер по костюмам, и как художник-постановщик.\r\n&#171;Элвис был невероятным стилистом, потому что он создавал собственные образы, у него не было стилиста, &#8211; говорит Катрин Мартин о фильме &#171;Элвис&#187; (режиссёр Баз Лурман (Baz Luhrmann) &#8211; муж Катрин). &#8211; Он действительно проецировал себя через одежду, что на самом деле увлекательно, и большинство исполнителей так и делают, но у него были такие сильные периоды в жизни, и он создал культовые образы, такие, как его комбинезоны&#187;.', 'https://moda247.ru/wp-content/uploads/2023/03/luchshij-dizajner-kostyumov-oskar-2023-00.jpg', '2023-05-02 12:48:32', 2),
(16, 2, 'Фен GAMMA+ XCELL для бережного ухода за вашими волосами', 'Итальянский бренд профессиональных инструментов для волос Gamma pi&#249; выпускает на российский рынок лёгкий и компактный фен GAMMA+ XCELL. Новинка вышла в двух цветах: черном и красном. Фен подходит как для профессионального использования для сушки и ук', 'Итальянский бренд профессиональных инструментов для волос Gamma pi&#249; выпускает на российский рынок лёгкий и компактный фен GAMMA+ XCELL. Новинка вышла в двух цветах: черном и красном. Фен подходит как для профессионального использования для сушки и укладки волос в салонах, так и для домашнего использования для существенно более бережного ухода за волосами. В домашнем уходе за волосами немалую роль играет выбор фена, который мы используем на постоянной основе. Так каким же должен быть современный фен, который улучшит состояние ваших волос? Прежде всего фен должен быть мощным. Цифровой двигатель в модели GAMMA+ XCELL со скоростью 110 000 об/мин и с подачей воздуха 360&#176; 3D обеспечивают воздушный поток 90 м&#179;/час, что позволяет быстро избавить волосы от влаги и не пересушить их.\r\nЛегким и компактным. При домашней укладке этот фактор играет немалую роль. Вам должно быть удобно пользоваться вашим феном и рука не должна уставать при создании укладки. Эргономичный и футуристический дизайн фена с ультралегкой конструкцией, весом всего 290 грамм, вдвое меньше классического фена &#8211; делает Xcell идеальным инструментом для сушки волос и обеспечивает максимальный комфорт.\r\nС функцией ионизации. Передовая ионная технология в фене устраняет статическое электричество и гарантирует блестящие, увлажненные, гладкие волосы.\r\nС функцией контроля температуры. Светодиодный интерфейс четко показывает каждую из 12 комбинаций нагрева и скорости, а современная система автоматически управляет мотором и обеспечивает правильную и постоянную температуру нагрева, что предотвращает возможность пересушивания волос. Также у фена GAMMA+ XCELL имеется гибкий шнур с конструкцией разгрузки натяжения, что обеспечивает оптимальное изгибание и снижает вероятность поломки шнура, а это значит, что фен прослужит вам долгие годы.\r\nВ комплекте с феном поставляются 4 насадки-концентратора и диффузор для разных типов волос и укладок, что закроет потребности большинства мастеров и пользователей и исключит дополнительные затраты на насадки в будущем.\r\nXcell бережно относится к окружающей среде. Снижает расход электричества и обеспечивает превосходные результаты укладки при мощности всего 1600 Вт. А искусственный интеллект гарантирует низкое энергопотребление, благодаря встроенному программному обеспечению.\r\nGamma pi&#249; &#8211; профессиональные инструменты, используются лучшими парикмахерами по всему миру. 30-летний опыт компании в парикмахерской индустрии позволяет разрабатывать продукцию, сочетающую в себе собственные инновации для безупречной укладки волос, высочайшее качество и, конечно, итальянский дизайн. Все стадии производства: разработка дизайна, проектирование оптимальной конструкции, изготовление продукта и контроль качества происходят на собственном предприятии. Все комплектующие наших товаров тщательно отбираются и тестируются.', 'https://moda247.ru/wp-content/uploads/2023/03/gamma-xcell-00.jpg', '2023-05-02 12:51:18', 3),
(17, 5, 'При чём тут любовь?', '>8 марта, в подарок женской половине населения, в широкий прокат выходит номинант на Оскар и Золотой&#160;Глобус &#8211; романтическая комедия &#171;При чём тут любовь?&#187; (&#171;What&#8217;s love got to do with it?&#187;). Удивительно, но это&#160;пер', '8 марта, в подарок женской половине населения, в широкий прокат выходит номинант на Оскар и Золотой&#160;Глобус &#8211; романтическая комедия &#171;При чём тут любовь?&#187; (&#171;What&#8217;s love got to do with it?&#187;). Удивительно, но это&#160;первая работа режиссера Шекхара Капура (Shekhar Kapur) с 2007 года, когда на экраны вышел его шедевр&#160;&#171;Золотой век&#187; (&#171;Elizabeth: The Golden Age&#187;). Новый фильм очень красочный и, безусловно, праздничный.&#160;Капур виртуозно плетёт изысканный визуальный гобелен, но уже в современной обстановке. Этот&#160;классический ромком делает серьезное заявление о кросс-культурной коммуникации. Прекрасная возможность&#160;разобраться в этнической и &#171;скромной&#187; моде modest fashion. Зои (Лили Джеймс) и Казим (Шазад Латиф) &#8211; лучшие друзья с детства. Зои &#8211; белая женщина, режиссер-документалист из этнически разнообразной части Лондона. Каз &#8211; успешный британский доктор с пакистанскими корнями. И пока героиня ищет отношения в сети и довольствуется случайными связями, Казим вдруг решает жениться на совершенно незнакомой девушке, выбранной его счастливо женатыми родителями. Озадаченная Зои отправляется вместе с ним в путешествие на его большую пакистанскую свадьбу, чтобы снять документалку о браках по договоренности и ответить на важнейший вопрос &#8211; а при чём тут любовь? Идея фильма показать брак по договоренности как не что-то устаревшее, а побудить зрителей посмотреть на этот институт с другой стороны.\r\n&#171;Я уехала из Лондона в Пакистан в 20 лет, когда вышла замуж, &#8211; рассказывает сценарист фильма Джемайма Кхан (Jemima Khan). &#8211; Тогда я полюбила Пакистан: страну удивительную и завораживающую. С изучения контраста между восточным и западным отношением к любви и началась работа над сценарием фильма &#171;При чём тут любовь?&#187;. Многим моим английским друзьям договорной брак кажется каким-то средневековым рабством. Я же, напротив, начала видеть преимущества в этом неромантичном способе. За то время, которое я провела в Пакистане, я видела немало успешных договорных браков. Пары, с которыми я встречалась, не начинали с любви &#8211; они ею заканчивали. Наш с мужем брак был первым союзом по любви в продолжительной истории его семьи. И первым и единственным разводом&#187;. Шекхар &#8211; оскароносный режиссер, настоящий мастер в области режиссуры картин с сильными, эмоционально сложными героинями. Он продемонстрировал своё мастерство в фильмах &#171;Королева бандитов&#187; (1994) и &#171;Елизавета&#187;. Комедийная мелодрама &#8211; совершенно новый для него жанр. Съёмки комеди &#171;При чём тут любовь?&#187; были непростыми. Нужны были различные кадры из разных районов Лондона и Лахора, от повседневной суеты до гламурной пакистанской свадьбы, чтобы у зрителей не возникало сомнений в том, что герои переезжают из Туманного Альбиона в Пакистан. Гримёр Тара МакДональд (Tara McDonald) и дизайнер костюмов Кэролайн МакКолл (Caroline McCall) отлично справились со своими задачами. Важно было подчеркнуть культурные различия между двумя странами, самые мельчайшие нюансы. Визажист Тара МакДональд сотрудничала со многими режиссерами. Из недавних работ стоит отметить сериалы &#171;Уэнсдэй&#187; Тима Бёртона. Художник по костюмам Кэролайн МакКолл &#8211; обладательница премии BAFTA, известна работой над костюмами для сериала &#171;Аббатство Даунтон&#187;. Саймон Эллиотт (Simon Elliott)&#160;&#8211; художник-постановщик картины работал над многими популярными британскими минисериалами, включая &#171;Чёрное зеркало&#187;. Его послужной список включает фильм &#171;Железная леди&#187;.\r\n&#171;Любовь и интимность &#8211; самые частые и при этом самые неопределённые слова в нашем словаре. Несмотря на это, мы продолжаем искать истинный смысл этих слов, &#8211; размышляет режиссер Шекхар Капур. &#8211; Я увидел это в сценарии, который написала Джемайма. Он открывал возможность изучить два мира в формате романтической комедии, подчеркнув уникальность каждого&#187;. Фильм бросает вызов любым предвзятым представлениям о том, как выглядит и чем живёт &#160;Пакистан: виды Лахора, где, кстати, родился режиссер Шекхар Капур сказочны. Переполненный базар, который может показаться хаотичным и сутолочным, в этом фильме предстает самым романтичным местом в мире, где время застыло на тысячелетия. Свадьба Маймуны (знаменитая пакистанская актриса Саджал Али) и Каза (Шазад Латиф) &#8211; это просто феерия, независимо от того, соответствуют ли свадебные наряды тому, что одевают на такие мероприятия в Пакистане на самом деле. Художник-постановщик Саймон Эллиотт и художник по костюмам Кэролайн Макколл выполнили потрясающую работу. Мать Зои, Кэт (Эмма Томпсон), полностью принимает мультикультурализм вокруг себя: ей нравится всё &#8211; нравится еда, нравятся люди. И, тем не менее, она склонна к странноватым проявлениям из-за недостаточной осведомленности об обычаях и традициях её соседей. Однако, Эмма Томпсон (Emma&#160;Thompson) великолепна в традиционном индийском облике: ярко-оранжевый наряд, тяжелые индийские украшения. Она просто красотка. В 1990-е годы и первые годы нового тысячелетия этнический стиль был одним из самых влиятельных в моде. Такие дизайнеры, как Кристиан Лакруа (Christian Lacroix), Дрис ван Нотен (Dries van Noten), Джон Гальяно (John Galliano), Кензо (Kenzo) и многие другие, вдохновлялись разнообразными азиатскими, африканскими, индейскими формами одежды и эстетикой, создав красочные синкретические коллекции. В этнической моде силен элемент фантазии, поэтому вещи кажутся как современными, так и из неведомых стран и земель. Этнический стиль в моде является важной, хоть и несколько забытой тенденцией. Мода продолжает приспосабливаться к многокультурным условиям, и этника, таким образом, представляет особенно богатую почву, где, возможно, взрастут интереснейшие образы и направления. Модест фэшн &#8211; явление, пришедшее с Ближнего Востока, которое породили культурные и религиозные причины, но эта эстетика ушла в совершенно новое переосмысление, ворвавшись в обиход молодого поколения космополитов. Верная своему названию, скромная мода, примерно, может быть охарактеризована как одевание в свободно облегающую одежду и закрывающую практически всё тело, без ущерба для стиля и цветовых решений. Если вас привлекают эти образы, просто попробуйте, посмотрите, сработает ли это с вами.', 'https://moda247.ru/wp-content/uploads/2023/03/pri-chyom-tut-lyubov-00.jpg', '2023-05-02 18:06:14', 4),
(18, 1, 'Новая капсула Tatiana Larina', '>Московский бренд женской одежды Tatiana Larina представляет новую весеннюю капсулу. Главные роли в ней отведены женственным платьям из натуральных тканей премиум-класса и ажурным джемперам из кидмохера со вставками из ручного кружева.', 'Московский бренд женской одежды Tatiana Larina представляет новую весеннюю капсулу. Главные роли в ней отведены женственным платьям из натуральных тканей премиум-класса и ажурным джемперам из кидмохера со вставками из ручного кружева. Для создания новой капсулы марки, использовались исключительно ткани и пряжа с натуральным составом и превосходными тактильно приятными фактурами. Креп из смеси шёлка и шерсти, воздушный кидмохер, нежный кашемир, крешированный шёлковый шифон и богатство мерцающего шёлкового бархата воплотились в романтичные и элегантные наряды. &#171;В глубине каждой женщины запрятано несколько героинь: меняя одежду, ты примеряешь на себя разные образы, достаешь из плотной непрозрачной обертки новую героиню, &#8211; говорит бренд-стилист Tatiana Larina Ольга Творогова. &#8211; Наши покупательницы &#8211; часто сильные бизнесвумен на работе, но женственные и мягкие внутри. Наша одежда подчеркивает эту дуальность, помогая покупательницам гармонизировать свой внешний облик с внутренним самоощущением&#187;. Фишка коллекции &#8211; свитера, связанные вручную со вставками из ручного коклюшечного кружева, а также вышивки в стиле белой глади и вышивки по сетке на платьях. В новой капсуле Tatiana Larina задействованы исключительно натуральные составы тканей &#8211; тактильно приятные фактуры крепа из смеси шёлка и шерсти, нежного кидмохера и кашемира, крешированного прозрачного шёлкового шифона и богатство мерцающего шёлкового бархата. Лукбук капсулы вдохновлен размышлениями о месте и значении женщины в непростых и переменчивых реалиях, современниками которых мы являемся. На снимках женщина предстает источником света, дарящего спасение и надежду. &#171;Мы поставили перед собой задачу: через кадр передать присутствие божественного начала в женщине. Не важно, к каким именно ассоциациям ведет визуал: где-то это аллегория католических храмовых статуй, где-то &#8211; ликов с православных икон, а где-то женщина становится уже и восточным божеством, &#8211; рассказывает дизайнер марки Ольга Любина. &#8211; Важен свет от женщины, изменяющий энергию пространства. Именно он стал главным героем этой съемки&#187;. Для бренда очень важно сохранять культурное наследие России. Марка старается поддерживать народные промыслы, связанные с кружевоплетением. На базе традиционных кружевных техник и узоров бренд создает авторские сколки (эскизы), придающие кружеву современное звучание. В весенней капсуле коклюшечное кружево, сплетенное вятскими мастерицами по сколкам марки, стало акцентной деталью гладких джемперов-паутинок из кидмохера. Ольга Любина и Ольга Творогова задались целью построить бизнес наподобие европейских семейных предприятий, когда в приоритете не сверхприбыли, а возврат клиентов; когда цель не заработать сейчас, а создать стабильный, долгоиграющий бизнес; когда новые клиенты приходят не за счет рекламных бюджетов, а за счет сарафанного радио и желания поделиться с мамой, подругой, сестрой интересным местом, впечатлением и знакомством с людьми.', 'https://moda247.ru/wp-content/uploads/2023/03/tatiana-larina-novaya-kapsula-00.jpg', '2023-05-02 18:07:37', 1),
(19, 2, 'Авито проверяет бренды одежды на подлинность', 'Перепродажа одежды из старых коллекций премиальных марок &#8211; это не только символ моды на осознанное потребление, но и новая ниша розницы в сегменте люкс. Основная сложность и для покупателя, и для продавца в этой ситуации &#8211; это оригинальность т', 'Перепродажа одежды из старых коллекций премиальных марок &#8211; это не только символ моды на осознанное потребление, но и новая ниша розницы в сегменте люкс. Основная сложность и для покупателя, и для продавца в этой ситуации &#8211; это оригинальность товара. И если в обычной жизни подделка это или нет можно определить интуитивно, в том числе по запаху, то как поступать при покупке в интернете, каким продавцам доверять. Самая популярная доска объявлений в мире (согласно данным Similar Web от 1 января 2023 г.) Авито запускает услугу подтверждения оригинальности брендовой одежды. После успешного прохождения проверки объявление Авито получает специальный значок &#171;Оригинал&#187;, а покупатель может пользоваться соответствующим фильтром и просматривать только проверенные объявления. Проверка происходит с помощью экспертов компании LegitGrails на основе представленных продавцом фотографий, сделанных с учетом специальных требований в соответствии с шаблоном. Например, обязательными являются фотографии бирки с составом, ярлыков с логотипом бренда, защитной голограммы (при наличии), молний и гравировок на пуговицах и т. д. &#171;Покупка одежды онлайн &#8211; это современная норма. Так, на Авито именно категория одежды, обуви и аксессуаров заняла первое место по продажам за 2022 год. Всего за прошлый год, по нашим данным, рост продаж предметов гардероба составил 83%. Особенно активно пользователи интересуются брендовыми вещами, так, в марте-ноябре прошлого года россияне активно покупали товары таких брендов, как Zara, adidas, Nike, H&amp;M &#8211; их продажи на платформе выросли в два раза. Кроме того, популярностью пользуется люкс &#8211; Chanel (+78%), Louis Vuitton и др. При этом, при любых покупках онлайн пользователям бывает сложно оценить подлинность брендового товара по фотографиям, &#8211; отмечает руководитель категории Lifestyle в Авито Алексей Козловский. &#8211; Услуга по аутентификации брендовых вещей от Авито поможет дальнейшему развитию рынка ресейла и повысит уверенность покупателей при заключении сделок. А для продавцов &#8211; это дополнительный инструмент для привлечения внимания к своему товару&#187;. Проверка происходит добровольно и доступна проверенным продавцам с &#171;высоким рейтингом&#187;. На данный момент эта услуга на Авито работает в тестовом режиме и является бесплатной, в дальнейшем сервис будет оплачиваться продавцами и сопровождаться рекламной кампанией как на самой платформе Авито, так и в соцсетях и других медиа. Значёк &#171;Оригинал&#187; можно получить для всех категорий одежды сумок или обуви (кроме детской) более 90 брендов в ценовом диапазоне от 3&#160;000 до 150&#160;000 рублей. Пользователи Авито.Доставка при покупке товаров со знаком &#171;Оригинал&#187; получат фотографии, которые продавец отправлял для проверки продаваемого товара, и при получении заказа в пункте выдачи товар можно будет с ними сравнить. Проверкой занимается международная компания, выбранная Авито на основе собственного тендера, и проверившая за 6 лет своего существования более полумиллиона изделий. Проверяющие специалисты сами работают пепепродавцами люксовых брендов, имеют опыт в отделах контроля качества марок.', 'https://moda247.ru/wp-content/uploads/2023/03/avito-original-00.jpg', '2023-05-02 18:18:08', 2),
(20, 4, 'WhereToEat Russia 2023', '7 апреля 2023 года в Российском этнографическом музее в Санкт-Петербурге состоится церемония награждения лауреатов Всероссийской ресторанной премии WhereToEat Russia 2023 (&#171;Где поесть в России&#187;). На данный момент завершено голосование коллегии э', '7 апреля 2023 года в Российском этнографическом музее в Санкт-Петербурге состоится церемония награждения лауреатов Всероссийской ресторанной премии WhereToEat Russia 2023 (&#171;Где поесть в России&#187;). На данный момент завершено голосование коллегии экспертов и&#160;идет подсчет голосов. Общероссийская коллегия экспертов WhereToEat состоит из 500 человек, живущих и работающих в России. В&#160;коллегию входят владельцы и управляющие ресторанов, отельеры, шеф-повара, сомелье, виноделы, бармены, представители деловых кругов, журналисты, блогеры. По результатам подсчета голосов экспертной коллегии будет сформирован рейтинг лучших ресторанов России, а также определены победители в следующих специальных номинациях: &#171;Шеф-повар года&#187;, &#171;Сомелье года&#187;, &#171;Бар года&#187;, &#171;Выбор СМИ&#187;, &#171;Официант года по версии &#8220;нетмонет&#8221;&#187;, а также &#171;Кондитер года&#187; и &#171;Ресторан-легенда&#187;.\r\nВ скором времени на официальном сайте и в соцсетях Премии будет опубликован лонг-лист, а затем и шорт-лист российских ресторанов и шорт-листы претендентов на победу в специальных номинациях.\r\n7 апреля на торжественной церемонии WhereToEat Russia 2023 будет оглашен рейтинг 100 лучших ресторанов страны и названы победители в спецноминациях. Лучший ресторан России будет награжден особым трофеем &#8211; антикварной серебряной чашей для льда. Приз является переходящим, и в данный момент находится в&#160;Twins Garden (Москва), который был признан лучшим рестораном России в 2022 году.\r\nКроме того, в рамках церемонии будут объявлены победители конкурса среди барменов Velleколепный Challenge, организованного компанией Velle и премией WhereToEat, и челленджа среди шеф-поваров Bakunin Beer &amp; Cuisine, который, в свою очередь, проводился пивоваренной компанией &#171;Бакунин&#187; совместно с WhereToEat. Итоги WhereToEat Russia 2022. Лучший ресторан страны &#8211; Twins Garden (Москва). Шеф-повар года &#8211; Хезрет-Арслан Бердиев (Birch, Osteria Betulla, Санкт-Петербург). Сомелье года &#8211; Кристина Веселова (Duo Band, Санкт-Петербург). Бар года &#8211; Insider Bar (Москва). Выбор СМИ &#8211; Birch (Санкт-Петербург). Официант года по версии &#171;нетмонет&#187; &#8211; Константин Добрынин (Eggsellent, Москва). Всего в рейтинг 2022 года вошло 797 ресторанов из самых разных регионов России.', 'https://moda247.ru/wp-content/uploads/2023/02/wheretoeat-russia-2023-00.jpg', '2023-05-02 18:20:19', 3),
(21, 5, 'Снежная Королева: Разморозка', 'Новый мультипликационный фильм &#171;Снежная Королева: Разморозка&#187; уже в кинотеатрах. Эта увлекательная сказка рассказывает о том, как друзья вместе противостоят зловещим снежным духам, чтобы остановить начало бесконечной зимы. Фильм о дружбе, приклю', '>Новый мультипликационный фильм &#171;Снежная Королева: Разморозка&#187; уже в кинотеатрах. Эта увлекательная сказка рассказывает о том, как друзья вместе противостоят зловещим снежным духам, чтобы остановить начало бесконечной зимы. Фильм о дружбе, приключениях и вере в себя заставит маленьких зрителей не только радоваться, но и размышлять о глубочайших темах, таких как взросление и принятие себя. Новый герой мультфильма про Снежную Королеву &#8211; её дочь &#8211;&#160;Айла. &#171;Нам очень понравился мультфильм и герои. Кроме главных героев дочке понравились забавные тролли, потому что они смешные, любят путешествовать и объездили весь мир, &#8211; поделилась с Мода 24/7 посмотревшая фильм мама 8-летней Вики. &#8211; Она как раз сейчас увлекается разными странами, поэтому особенно ей понравилось то, что в фильме действие переносится в экзотические места. Но вместе с тем это история про знакомое и любимое ледяное царство Снежной Королевы. Я думаю, что еще хорошая тема в сюжете о том, что у маленькой принцессы есть магическая сила, но она поначалу не может её контролировать, а со временем учится. Ну и противостояние злым духам держит интригу на протяжении всего фильма. Я думаю, что многие с нетерпением ждут первых сеансов &#171;новой&#187; Снежной королевы в кинотеатре, и будут рады прийти на сеанс всей семьей&#187;. В мультфильме волшебный мир разморозился по-настоящему, а герои попали в невероятное приключение! Все начинается с маленькой озорной волшебницы Айлы, дочери Снежной Королевы. Однажды она случайно выпустила на волю злых Ледяных Духов. Злые духи оказываются в мире Кая и Герды и угрожают заморозить все живое на земле. Но, Айла смело решила исправить свою ошибку и отправилась на поиски Кая и Герды, чтобы собрать вместе всех друзей, овладеть искусством управления своей магической силой, и победить Ледяных Духов. На помощь Айле приходят маленькие забавные тролли. Вместе им предстоит увлекательное путешествие под знаменами дружбы, ведь нет ничего невозможного, если друзья стремятся к цели рука об руку. &#171;Снежная Королева: Разморозка&#187; &#8211; много юмора, который понравится и детям, и их родителям. Героям предстоит невероятно важная задача не только спасти мир людей, но еще и волшебное зазеркалье. В этот раз приключения подарят зрителям еще больше эмоций. В пятой части приключений&#160;также появляются экзотические локации и несколько новых персонажей. Встречайте весну вместе со Снежной королевой! Первые четыре мультфильма про Снежную Королеву обрели большую популярность в России и за рубежом благодаря авторской задумке сценаристов. Многие маленькие зрители знакомы с историей Снежной Королевы больше по сюжетам этой серии, а не по сказкам Ганса Христиана Андерсена. Фильмы этой серии выходили в широкий прокат и становились очень популярными не только в Российской Федерации, но и в Китае и Турции, Франции и Польше, Болгарии, Чехия и других странах на протяжении 10 лет, начиная с 2012 года.', 'https://moda247.ru/wp-content/uploads/2023/02/snezhnaya-koroleva-razmorozka-00.jpg', '2023-05-02 18:20:19', 4),
(22, 2, 'Она и он &#8211; подарки на День влюблённых', 'Близится самый романтичный праздник года &#8211; день, который празднуют влюблённые во многих странах мира. Милый обычай которому уделяется внимание во всех странах: если сделать предложение на День влюблённых или сыграть в этот день свадьбу, брак будет с', '>Близится самый романтичный праздник года &#8211; день, который празднуют влюблённые во многих странах мира. Милый обычай которому уделяется внимание во всех странах: если сделать предложение на День влюблённых или сыграть в этот день свадьбу, брак будет счастливым и крепким. На День влюблённых дарят любимым и дорогим людям подарки, цветы, конфеты, игрушки и особые открытки &#8211; &#171;сердечки&#187;. В обзоре &#171;Мода 24/7&#187; пять особенных парных сетов красоты для отношений &#8211; без ярлыков и обязательств. Всё можно успеть в последний момент, чтобы поделиться своей любовью, а что выбрать из парных подарков на День влюблённых &#8211; это уже личное дело каждого. Варианты подарков &#171;Мода 24/7&#187;, которые точно попадут в настроение праздника.\r\nArmand Basi Red и Blue\r\nАроматы Armand Basi &#8211; органичное дополнение яркой и необычной индивидуальности человека настоящего времени. Парфюмерный бренд Armand Basi получил известность в 1998 году, выпустив первую пару ароматов для мужчин и женщин. Ароматы созданы в соответствии с оригинальным стилем марки и адресованы современным жителям больших городов.\r\nArmand Basi In Red Секрет популярности Armand Basi In Red, в первую очередь, в самой парфюмерной композиции, которая является своеобразной золотой серединой в мире парфюмерии. Искрящиеся цитрусовые &#8211; символ гостеприимной и солнечной Испании, открывают верхние ноты аромата, мандарин здесь сочетается с бергамотом и сопровождается пряно-теплым дыханием кардамона и имбиря. В сердце аромата царит роскошный букет невесты. Безупречные белые цветы &#8211; роза, жасмин и ландыш, расцветают в зеленом безмолвии листьев фиалки. Теплая женственность раскрывается в базовых нотах благородных пород деревьев &#8211; кедра и сандала, чувственного белого мускуса, подчеркнутого шипровым аккордом дубового мха. Безупречное совершенство и свадебная роскошь раскрываются на коже прекрасной обладательницы аромата мягкой уверенностью и королевской статью. На протяжении более 15 лет аромат Armand Basi In Red &#8211; самая успешная классика бренда. In Red всегда актуален и популярен у дам совершенно разных характеров и возрастных категорий.\r\nArmand Basi In Blue Armand Basi In Blue &#8211; аромат современного мужчины, неугомонного и авангардного, который черпает свою силу из общения с природой. Синий &#8211; цвет моря, сочетание силы и спокойствия, страсти и нежности. Настоящий средиземноморский цвет, отражение мужчины всех времен: элегантного и современного, но в то же время страстного и чувственного. Свежий южный бриз из цитрусовых, специй и древесных нот, созданный мастером ароматов Альберто Морильясом, подчеркивает его жизненную позицию. Верхние ноты взрываются свежим цитрусовым соком, обрамленные невесомой пикантностью листьев кориандра. В сердце &#8211; ноты красного перца и цветов лотоса раскрываются в своей изысканной бодрости. В базовых нотах чувственность азиатского пачули переплетается с кремовой теплотой дерева. Житель большого города с его бурным ритмом, он любит природу и находит в ней гармонию и покой. Даже в повседневных жизненных трудностях, он словно благородный тростник, гнется, но не ломается, показывая силу и стойкость характера.\r\nMastersuit &#8211; парные аксессуары из кожи на День влюблённых Специально на День влюблённых Mastersuit представляет идеи подарков, которые станут красноречивым признанием в любви. Модный Дом Mastersuit запустил линию аксессуаров, воспевающих индивидуальность и ремесленные традиции. Аксессуары из кожи &#8211; современный способ сделать парный подарок, который подчеркнет гармонию в стиле влюбленных, а персонализация сделает изделие уникальным, дополнив личным сообщением. Для мужчин, ценящих практичность и статусность, в Mastersuit помогут подобрать уникальные деловые аксессуары из высококлассной кожи разной выделки, которые подчеркнут нетривиальный вкус и требовательность к каждой детали. Если трудно сделать выбор и подобрать сюрприз для любимого человека во всем разнообразии изделий Mastersuit, лучшим решением будет вручение именного сертификата с любым номиналом. Сертификатом можно оплатить любую услугу: индивидуальный пошив костюма по технологии Bespoke, покупку любого изделия в готовой коллекции, создание эксклюзивной пары обуви и заказ парного подарка.\r\nИстинное совершенство и сила океана Mixit Миксит из России предлагает для парных подарков на День влюблённых мужской набор для ухода за телом и волосами &#171;Сила океана&#187; и женский набор для ежедневного ухода за кожей лица &#171;Истинное совершенство&#187;. Набор Mixit для ухода за кожей лица станет уникальным решением всех проблем! В состав комплекса входят мицеллярный гель для эффективного удаления макияжа и увлажняющий крем, который помогает поддерживать водный баланс кожи в течение дня. Мужской набор для ухода за телом и волосами Mixit &#171;Сила океана&#187; сочетает в себе эффективность применения и комфорт использования. Увлажняющий гель для душа превосходно пенится, очищает и тонизирует кожу, не оставляет сухости, а мягкая формула мужского шампуня для волос подходит для ежедневного использования, оказывает укрепляющее и освежающее действие. Экстракты, входящие в состав продуктов, питают и восстанавливают, делают кожу упругой и подтянутой.\r\nAvon Attraction и Incadessence на День влюблённых В преддверии весны Avon предлагает подарить любимым наборы &#171;Avon Attraction для него&#187; и &#171;Avon Incandessence для нее&#187;. Яркая вспышка пряного имбиря создаст интригу и привлечет ее внимание. Как только в игру вступит магнетический мускус аромата Avon Attraction, она захочет узнать партнёра поближе. А чувственный ладанник, с его таинственной и опьяняющей аурой, окончательно вскружит ей голову. Ведь это та самая искра притяжения. Состав набора Avon Attraction: туалетная вода и шампунь-гель для душа. Изысканная, лучистая композиция из душистого ландыша, терпкого аромата мимозы и сливочного мускуса согревает теплом благодаря маслу жасмина в основе &#171;Avon Incandessence для нее&#187;. Натуральный компонент жасмина получают из цветков, которые собирают только в предрассветные часы. Именно этот нюанс делает масло настолько уникальным &#8211; в аромате Incandessence оно закрепляет &#171;солнечный&#187; аспект, поддерживая звучание мимозы, мускуса и ландыша, помогая раскрывать энергию этих нот. Темное, янтарное и плотное, оно прекрасно усиливает цветочные композиции. Состав набора Avon Incandessence: парфюмерная вода и парфюмированный лосьон для тела.\r\nЛошадиная сила Российская марка &#171;Лошадиная сила&#187; на День влюблённых приготовила наборы для него и неё. Средства для волос набора для неё обеспечивают профессионально высокое качество ухода за волосами. Формула средств тщательно очищает, одновременно кондиционируя и полируя волос. Препятствуют выпадению волос, укрепляют, активизируют и стимулируют рост, придают волосам блеск и ухоженный струящийся вид. Содержат специально подобранные купаж высококонцентрированных экстрактов, который укрепляет волосяные луковицы и способствуют росту здоровых волос. Одновременное использование шампуня и бальзама дает просто потрясающий результат, гарантируя непревзойденное качество профессионального ухода за волосами. Набор для него разработан специально с учётом регулярного очищения и ухода за волосами мужчин, живущих в интенсивном и напряженном ежедневном ритме и идущих в ногу со временем. Высокоэффективные активные компоненты класса премиум в составе шампуня-кондиционера и геля для душа. Тщательно подобранные компоненты шампуня и эфирное масло сандалового дерева нормализуют работу сальных желез, активизируют рост волос и препятствуют их выпадению. 100% натуральное эфирное масло сандала!\r\nKlatz Brutal и Glamour Only на День влюблённых В состав набора Klatz Brutal Only (только брутальность) входят четыре продукта. Набор имеет стильный дизайн, поэтому идеально подойдёт в качестве подарка по любому поводу. Зубные пасты для мужчин &#171;Терпкий коньяк&#187;, &#171;Бунтарский ром&#187; и &#171;Убойный виски&#187; дополнила жесткая зубная щетка. &#171;Терпкий коньяк&#187; &#8211; кальция гидроксиапатит, ионы цинка, активные компоненты солодки и оливкового масла, отбеливающий комплекс на основе растительного фермента папаина, аллантоин, ментол. &#171;Убойный виски&#187; &#8211; отбеливающий комплекс на основе растительного фермента папаина, масло оливы, аллантоин, ментол. &#171;Бунтарский ром&#187; &#8211; отбеливающий комплекс на основе растительного фермента папаина, аллантоин и растительные компоненты, активные соли. В состав Glamour Only (только гламур) входят четыре продукта Klatz для девушек. Зубные пасты без фтора &#171;Апероль шприц&#187;, &#171;Вечерний вермут&#187; и &#171;Соблазнительный просекко&#187; дополнила зубная щетка средней жесткости. Щетинки щёток Lifestyle medium изготовлены из немецкого высококачественного нейлона Pedex. Они имеют закругленную форму и отполированы по уникальной технологии, за счет чего достигается наилучший чистящий эффект. Изгиб удобной эргономичной ручки позволяет легко и без дополнительного давления на десны очистить даже самые труднодоступные места. &#171;Апероль шприц&#187; &#8211; ионы цинка, гиалуронат натрия, активные растительные компоненты, наночастицы кремния, сок листьев алоэ, ментол. &#171;Вечерний вермут&#187; &#8211; наночастицы кремния, сок листьев алоэ, ментол, экстракт полыни. &#171;Соблазнительный просекко&#187; &#8211; ионы кальция, ионы цинка, гиалуронат натрия, активные растительные компоненты, сок листьев алоэ, ментол.', 'https://moda247.ru/wp-content/uploads/2023/02/den-vlyublyonnyx-podarki-00.jpg', '2023-05-02 18:25:58', 1);
INSERT INTO `news` (`id`, `category_id`, `title`, `short_text`, `full_text`, `news_image`, `add_date`, `author_id`) VALUES
(23, 4, 'Фитнес в 2023 &#8211; что нового?', 'Фитнес-клубы переживают послепандемийный ренессанс, при этом онлайн-тренировки продолжают набирать популярность, расширяется спортивная инфраструктура: в парках появляются беговые и велодорожки, открываются бассейны и корты, проводятся любительские соревн', 'Фитнес-клубы переживают послепандемийный ренессанс, при этом онлайн-тренировки продолжают набирать популярность, расширяется спортивная инфраструктура: в парках появляются беговые и велодорожки, открываются бассейны и корты, проводятся любительские соревнования &#8211; фитнес становится не модой, а нормой жизни. О будущем фитнес-индустрии в 2023 году &#171;Мода 24/7&#187; поговорила с экспертами сети фитнес-клубов XFit и специалистами по питанию и безопасности пищи. Цифровизация\r\nБлагодаря появлению специального софта и носимых гаджетов с множеством датчиков, стало возможно в онлайн-режиме замерять пульс, количество шагов, уровень кислорода в организме, сжигаемые калории, время в сидячем положении, качество сна, реакцию на нагрузки и питание. Совсем недавно смарт-часы были предметом из фильма про будущее, а сейчас с ними ходят даже дети. Спрос на подобные устройства растет, их становится всё больше, и со временем производители совершенствуют технологии и делают эти приборы всё более точными. Для России в условиях логистических ограничений развитие фитнес-приложений для телефонов особенно актуально, так как привезти в страну инновационные тренажеры стало баснословно дорого и сложно. Индивидуализация\r\nУслуги и сервисы учитывают полученные индивидуальные показатели пользователей и становятся всё более персонализированными. Многие из мобильных фитнес-приложений могут отслеживать прогресс тренирующегося за определенный отрезок времени и обладают множеством других функций. Персональные тренеры обучают технике выполнения упражнений, следят за прогрессом и постепенно корректируют программы тренировок клиентов, основываясь в том числе на показателях носимых гаджетов. Более того, специалисты разрабатывают программы занятий с учетом ценностей, потребностей, ожиданий и целей каждого клиента.\r\n&#171;Индивидуализация станет обязательным элементом при занятиях в фитнес-клубах. Например, мы запустили программу Fitness coach с комплексным подходом для решения фитнес-задач клиента, целью которой является более успешный, устойчивый и прогнозируемый результат, &#8211; рассказывает Александр Тургенев, директор по фитнесу XFIT в России. &#8211; Программа включает предварительное тестирование, которое позволяет выявить уровень подвижности и стабильности в определённых движениях, понять тренеру, с чего начать, и дать начальную точку отсчёта и проверки результатов в дальнейшем для клиента с визуализацией. Дальше &#8212; специалист клуба становится наставником в режиме нон-стоп и сопровождает клиента как в плане физической активности, так и в вопросах питания&#187;. Фитнес &#171;у дома&#187;\r\nЛюди всё чаще хотят работать, делать покупки и тренироваться по соседству с домом или работой. Этому способствует и переход на дистанционную работу, и быстрый темп строительства жилых кварталов, где много доступных площадей на первых этажах. Небольшие уютные фитнес-центров появляются повсеместно. Помимо близости, такой формат имеет и другие преимущества как для конечного клиента, так и для стартапа. Покупка абонемента, например, или бронирование тренировки происходит через чат с удаленным администратором, групповые тренировки проводятся с виртуальным тренером, инструкции по использованию тренажеров доступны с помощью смартфона. В таких тренажерных залах, как правило, используется оборудование, с которым пользователи могут заниматься в одиночку или в рамках онлайн-курса, сотрудников в клубе нужно меньше, и часто владельцы абонементов могут тренироваться в любое время, даже ночью.\r\n&#171;Сейчас ситуация как на рынке фитнес-услуг, так и в экономике в целом достаточно нестабильная. Предприниматели не готовы вкладывать большие средства в проекты с длительной окупаемостью, &#8211; комментирует Ирина Троска, директор по развитию XFIT в России. &#8211; Выход &#8211; небольшие студии, которые можно открыть в помещении 150 м&#178;, в них нужно меньше инвестиций на ремонт и закупку оборудования, ими проще управлять. Значит окупаемость быстрее, а шансы на успех такого бизнеса &#8211; выше&#187;. Пищевые добавки как еда\r\nПищевые добавки для многих уже стали неотъемлемой частью рациона, и это новая реальность, в которой нам с вами предстоит жить и есть. Наше питание весьма разнообразно, и, казалось бы, чем больше разных продуктов мы потребляем, тем большее количество необходимых элементов получаем. Но, к сожалению, это далеко не так. Людей становится больше, уровень жизни выше, потребление растет, агрикультурные технологии развиваются, но из-за технического прогресса происходит не только рост производства, но и увеличение углеродного следа, и обеднение почв, еды много, однако, с каждый годом в продуктах питания наблюдается сокращение содержания микроэлементов, незаменимых в рационе человека.\r\n&#171;Если обратить пристальное внимание на питание, &#8211; говорит Елизавета Дзантиева, к.м.н, эндокринолог, диетолог, эксперт компании Solgar, &#8211; сегодня ни для кого не секрет, что рацион современного человека не позволяет полностью удовлетворить его потребности в витаминах, микро- и макроэлементах, пищевых волокнах и иных незаменимых нутриентах. Это связано с несбалансированностью питания, большим количеством в рационе консервантов, усилителей вкуса. Одним из вариантов восполнения этих дефицитов может быть дополнительное применение источников витаминов и нутриентов извне&#187;. Программы по снижению стресса\r\nМентальное и физическое здоровье одинаково важны, и, что хорошо, по данным исследования, проведенного Ipsos в 30 странах в 2021 году, многие это понимают. Стресс негативно влияет на здоровье и качество жизни. С ростом внешних потрясений в нашей стране направления, которые помогают переключиться и сосредоточиться на внутреннем состоянии, становятся популярнее. Появляются курсы по воспитанию новых навыков и умений, связанных с духовными практиками.\r\n&#171;Мы понимаем, какую ментальную нагрузку сейчас испытывает большинство наших клиентов, поэтому стараемся это учитывать и разрабатываем адаптированные программы тренировок, с которыми легко начинать занятия или возвращаться к ним, &#8211; делится Руслан Панов, эксперт-методист XFIT в России. &#8211; Например, портфолио XFIT недавно пополнила базовая программа X-Deep Light. Она подходит для восстановления после новогодний праздников, а также в качестве обучающей и подводящей активности для начинающих&#187;.', 'https://moda247.ru/wp-content/uploads/2023/01/fitnes-v-2023-chto-novogo-00.jpg', '2023-05-02 18:25:58', 2),
(24, 2, 'Флагманский магазин Lusio в Афимолл', 'На втором этаже ТЦ &#171;Афимолл Сити&#187; открылся флагманский магазин бренда Lusio. Известный бренд женской одежды, обуви и аксессуаров Lusio присутствует на российском рынке 9 лет. Модели завоевали поклонниц сочетанием рациональности и женственности. ', 'На втором этаже ТЦ &#171;Афимолл Сити&#187; открылся флагманский магазин бренда Lusio. Известный бренд женской одежды, обуви и аксессуаров Lusio присутствует на российском рынке 9 лет. Модели завоевали поклонниц сочетанием рациональности и женственности. В новом пространстве представлена вечерняя капсула и сезонный гардероб вещей из коллекции FW-2022/23 (осень-зима 2022/23). В коллекции Lusio FW-2022/23 &#8211; всё, что нужно жительнице большого города, чтобы в самые холодные зимние месяцы оставаться элегантной и красивой. Классические офисные дуэты и уютные трикотажные костюмы, удобные шерстяные пальто и невесомые пуховые жакеты, прекрасно скроенные струящиеся платья из натурального шелка и сверкающие наряды из пайеток &#8211; коллекция позволяет составить идеальную базу для гардероба на весь сезон. Среди моделей бренда Лусио (Lusio) сезона осень-зима 2022/23 безусловный фаворит &#8211; пальто из тонкого кашемира, сшитое по двухсторонней технологии. Обратите внимание на роскошные теплые свитера и пуловеры из натуральной пряжи, а также модели букле из премиальных тканей: кашемир, шерсть мериносов, ангора и мохер. Благодаря продуманному сочетанию базовых вещей в рамках каждой коллекции, а также широкому ассортименту моделей обуви и сумок того же бренда вы можете подобрать несколько готовых образов в одном бутике. Бренд Lusio неизменно делает ставку на качественные натуральные материалы: органический хлопок, шёлк, шерсть и лён, а также технические инновации. Все ткани изготавливаются в Турции и проходят строжайшую процедуру отбора сырья. Чтобы получить официальную &#171;органическую&#187; сертификацию, хлопок должен быть выращен с использованием методов и материалов, которые мало влияют на окружающую среду. За несколько лет работы компания наладила уникальные методы экологичного производства. Технологи и дизайнеры Lusio используют для создания оригинальных и качественных изделий новейшие текстильные разработки. Переработанный полиэстер &#8211; волокна полиэстера, но не из нефти, а из переработанных пластиковых бутылок. Лиоцелл и тенсел &#8211; ткани из подвергнутой нанонобработке древесины эвкалипта. Износоустойчивые и гипоаллергенные ткани отлично держат форму, радуя клиентов бренда отличным кроем и идеальной посадкой.', 'https://moda247.ru/wp-content/uploads/2023/01/flagmanskij-magazin-lusio-v-afimoll-00.jpg', '2023-05-02 22:31:05', 4),
(25, 3, 'Молодые модельеры в финале МКММ: Upcycling по шкале Овертона', 'В конце 2022 года в театре &#171;Школа современной пьесы&#187; подвели итоги ежегодного Московского конкурса молодых модельеров (МКММ). На финальном шоу МКММ Х конкурсанты продемонстрировали новые коллекции на тему Upcycling &#8211; актуальный тренд, прод', 'В конце 2022 года в театре &#171;Школа современной пьесы&#187; подвели итоги ежегодного Московского конкурса молодых модельеров (МКММ). На финальном шоу МКММ Х конкурсанты продемонстрировали новые коллекции на тему Upcycling &#8211; актуальный тренд, продиктованный современной ситуацией. Было представлено две номинации: &#171;Лучшая коллекция&#187; и &#171;Сценический образ на тему Upcycling по шкале Овертона&#187;. Апсайклинг (англ. Upcycling, &#8211; прим. ред. &#171;Мода 24/7&#187;) &#8211; это не просто переработка мусора, а вторичное использование вещей, создание новых предметов из старых изделий, а в контексте МКММ, ещё и переработка смыслов и идей. Автор и продюсер МКММ Екатерина Матвеева рассказала, что после Х юбилейного сезона проект, который существовал 10 лет в формате конкурса, будет сам переработан и трансформирован. Новый формат пока остаётся загадкой, что несомненно подогревает интерес к следующему мероприятию. В финале конкурса МКММ участвовали 24 молодых бренда модной одежды: Plastic Queen, Maetting, Zaschitnikow, I am Rudakova, Lias, Marina Gurvich, Тимур Хамраев, Галина Гришина, Татьяна Мальчикова, IZ13 (Анна Играшева), Klimkova Kids, Dora Nikolaeva, Yureska, Rina Collection, AVR (Александра Шалютова), Tatiana Katina, EKoroleva, NM (Наталья Матюшонок), Nalatia Sovetskaya, Alezzy, Cyber, Екатерина Смолина, Mirba, Travnikova. Во внеконкурсной программе коллекции продемонстрировали партнёры МКММ: Rustar, Vardo, Sёstry Mamutiny, Womenesse, Монпари. Победителем конкурса в номинации &#171;Лучшая коллекция&#187; по результатам подсчёта оценок жюри стал бренд Plastic Queen. Второе место в данной номинации получила лидер полуфинала дизайнер Ольга Рудакова, а третье место занял совершенно новый бренд AVR. Номинация &#171;Сценический образ на тему Upcycling по шкале Овертона&#187; исследует рамки свободного высказывания художника в рамках общественного дискурса. В этой части конкурса победила яркая коллекция Тимура Хамраева, второе место жюри присудило Ольге Рудаковой. В состав основного жюри МКММ вошли признанные эксперты индустрии моды: основатель мультибрендовых магазинов &#171;Центральный дом дизайнера&#187; Рената Мансурова, художник по костюмам Эльбор Чернов, театральный режиссер и педагог Сергей Проханов, стилист Даниил Грачёв, президент Magic Group и создатель универмагов российских дизайнеров Slava и &#171;Йармарка&#187; Александр Перемятов, шоумен и телеведущий Дмитрий Дибров, генеральный директор арт-пространства &#171;Флакон&#187; Эльдар Керимов, собственник и руководитель интернет-магазина &#171;Rusпублика&#187; Елена Синицина. Жюри отметило финалистов МКММ специальными призами. Даниил Павлов, создатель эксцентричного бренда Zaschitnikow, был приглашен Эльбором Черновым для работы в киноиндустрии. Ольга Рудакова и Тимур Хамраев выбраны президентом московского &#171;Театра Луны&#187;, Сергей Проханов пришласил их на стажировку. Рената Мансурова пригласила бренд Dora Nikolaeva для размещения в магазинах &#171;Центральный дом дизайнера&#187;. Александр Перемятов выбрал коллекции дизайнеров Екатерины Смолиной и Татьяны Мальчиковой для размещения в магазинах Slava и &#171;Йармарка&#187;. Елена Синицина пригласила в интернет-магазин &#171;Rusпублика&#187; бренды Lias, Klimkova Kids, Maetting, Yureska, EKoroleva, IZ13, а также бренды дизайнеров Татьяны Мальчиковой и Марины Гурвич. Партнерами мероприятия выступили Российский государственный университет имени А. Н. Косыгина, косметические бренды Alterego Italy, KimS Cosmetics и Neutrale, комплекс отдыха &#171;Завидово&#187;, Rustar Jackets, компании North Star Media, Bago home, &#171;Воды здоровья&#187;, Yamaguchi, Ledman, VSG Sound, а также салон цветов &#171;Дарите цветы просто так!&#187;. Moda247.ru является официальным инфопартнером МКММ и представлено в независимом жюри конкурса руководителем &#171;Объединённой редакции ModaNews.ru и &#171;Мода 24/7&#187; (moda247.ru)&#187; Ильей Тихоновым.', 'https://moda247.ru/wp-content/uploads/2023/01/upcycling-po-shkale-overtona-00.jpg', '2023-05-02 22:29:50', 3),
(26, 5, 'Львам 8-14 мая придётся напрячься', 'Неделя будет достаточно напряженной, поэтому вам понадобятся терпение и собранность. В среду не провоцируйте конфликтных ситуаций, лучше вообще не попадаться на глаза начальству. В четверг не желательно впутываться ни в какие авантюры. Ваш добросовестный ', 'Неделя будет достаточно напряженной, поэтому вам понадобятся терпение и собранность. В среду не провоцируйте конфликтных ситуаций, лучше вообще не попадаться на глаза начальству. В четверг не желательно впутываться ни в какие авантюры. Ваш добросовестный подход к работе в пятницу будет оценен по достоинству. Постарайтесь рассказывать о своей личной жизни как можно меньше, не выкладывайте бесконечно фотографии в соцсетях. В субботу отгоните прочь все страхи и сомнения, ведь на самом деле нет никаких преград для достижения цели.', 'https://moda247.ru/wp-content/uploads/2023/05/lions-diploma.jpg', '2023-05-05 01:06:50', 1);

-- --------------------------------------------------------

--
-- Структура таблицы `news_tags`
--

CREATE TABLE `news_tags` (
  `id` int(11) NOT NULL,
  `news_id` int(11) NOT NULL,
  `tag_id` int(11) NOT NULL
) ENGINE=InnoDB DEFAULT CHARSET=utf8mb4 COLLATE=utf8mb4_general_ci;

-- --------------------------------------------------------

--
-- Структура таблицы `subscribe`
--

CREATE TABLE `subscribe` (
  `id` int(11) NOT NULL,
  `email` varchar(255) NOT NULL,
  `fname` varchar(255) NOT NULL,
  `lname` varchar(255) NOT NULL
) ENGINE=InnoDB DEFAULT CHARSET=utf8mb4 COLLATE=utf8mb4_general_ci;

--
-- Дамп данных таблицы `subscribe`
--

INSERT INTO `subscribe` (`id`, `email`, `fname`, `lname`) VALUES
(1, 'test@test.ru', 'Test', 'Test'),
(2, 'email@email.ru', 'email', 'email'),
(3, 'email@email.ru', 'email', 'email'),
(4, 'email@email.ru', 'email', 'email');

-- --------------------------------------------------------

--
-- Структура таблицы `tags`
--

CREATE TABLE `tags` (
  `id` int(11) NOT NULL,
  `name` varchar(255) NOT NULL
) ENGINE=InnoDB DEFAULT CHARSET=utf8mb4 COLLATE=utf8mb4_general_ci;

--
-- Дамп данных таблицы `tags`
--

INSERT INTO `tags` (`id`, `name`) VALUES
(1, 'дизайнер');

-- --------------------------------------------------------

--
-- Структура таблицы `users`
--

CREATE TABLE `users` (
  `id` int(11) NOT NULL,
  `login` varchar(64) NOT NULL,
  `name` varchar(32) NOT NULL,
  `email` varchar(64) NOT NULL,
  `password` varchar(32) NOT NULL
) ENGINE=InnoDB DEFAULT CHARSET=utf8mb4 COLLATE=utf8mb4_general_ci;

--
-- Дамп данных таблицы `users`
--

INSERT INTO `users` (`id`, `login`, `name`, `email`, `password`) VALUES
(2, 'admin', 'admin', 'admin@admin', 'admin'),
(3, 'user1', 'author', 'user@user.ru', '123456');

--
-- Индексы сохранённых таблиц
--

--
-- Индексы таблицы `authors`
--
ALTER TABLE `authors`
  ADD PRIMARY KEY (`id`),
  ADD KEY `user_id` (`user_id`);

--
-- Индексы таблицы `categories`
--
ALTER TABLE `categories`
  ADD PRIMARY KEY (`id`);

--
-- Индексы таблицы `news`
--
ALTER TABLE `news`
  ADD PRIMARY KEY (`id`),
  ADD KEY `author_id` (`author_id`),
  ADD KEY `category_id` (`category_id`);

--
-- Индексы таблицы `news_tags`
--
ALTER TABLE `news_tags`
  ADD PRIMARY KEY (`id`),
  ADD KEY `news_id` (`news_id`,`tag_id`),
  ADD KEY `tag_id` (`tag_id`);

--
-- Индексы таблицы `subscribe`
--
ALTER TABLE `subscribe`
  ADD PRIMARY KEY (`id`);

--
-- Индексы таблицы `tags`
--
ALTER TABLE `tags`
  ADD PRIMARY KEY (`id`);

--
-- Индексы таблицы `users`
--
ALTER TABLE `users`
  ADD PRIMARY KEY (`id`);

--
-- AUTO_INCREMENT для сохранённых таблиц
--

--
-- AUTO_INCREMENT для таблицы `authors`
--
ALTER TABLE `authors`
  MODIFY `id` int(11) NOT NULL AUTO_INCREMENT, AUTO_INCREMENT=5;

--
-- AUTO_INCREMENT для таблицы `categories`
--
ALTER TABLE `categories`
  MODIFY `id` int(11) NOT NULL AUTO_INCREMENT, AUTO_INCREMENT=6;

--
-- AUTO_INCREMENT для таблицы `news`
--
ALTER TABLE `news`
  MODIFY `id` int(11) NOT NULL AUTO_INCREMENT, AUTO_INCREMENT=27;

--
-- AUTO_INCREMENT для таблицы `news_tags`
--
ALTER TABLE `news_tags`
  MODIFY `id` int(11) NOT NULL AUTO_INCREMENT;

--
-- AUTO_INCREMENT для таблицы `subscribe`
--
ALTER TABLE `subscribe`
  MODIFY `id` int(11) NOT NULL AUTO_INCREMENT, AUTO_INCREMENT=5;

--
-- AUTO_INCREMENT для таблицы `tags`
--
ALTER TABLE `tags`
  MODIFY `id` int(11) NOT NULL AUTO_INCREMENT, AUTO_INCREMENT=2;

--
-- AUTO_INCREMENT для таблицы `users`
--
ALTER TABLE `users`
  MODIFY `id` int(11) NOT NULL AUTO_INCREMENT, AUTO_INCREMENT=4;

--
-- Ограничения внешнего ключа сохраненных таблиц
--

--
-- Ограничения внешнего ключа таблицы `authors`
--
ALTER TABLE `authors`
  ADD CONSTRAINT `authors_ibfk_1` FOREIGN KEY (`user_id`) REFERENCES `users` (`id`);

--
-- Ограничения внешнего ключа таблицы `news`
--
ALTER TABLE `news`
  ADD CONSTRAINT `news_ibfk_1` FOREIGN KEY (`author_id`) REFERENCES `authors` (`id`),
  ADD CONSTRAINT `news_ibfk_2` FOREIGN KEY (`category_id`) REFERENCES `categories` (`id`);

--
-- Ограничения внешнего ключа таблицы `news_tags`
--
ALTER TABLE `news_tags`
  ADD CONSTRAINT `news_tags_ibfk_1` FOREIGN KEY (`tag_id`) REFERENCES `tags` (`id`),
  ADD CONSTRAINT `news_tags_ibfk_2` FOREIGN KEY (`news_id`) REFERENCES `news` (`id`);
COMMIT;

/*!40101 SET CHARACTER_SET_CLIENT=@OLD_CHARACTER_SET_CLIENT */;
/*!40101 SET CHARACTER_SET_RESULTS=@OLD_CHARACTER_SET_RESULTS */;
/*!40101 SET COLLATION_CONNECTION=@OLD_COLLATION_CONNECTION */;
